Date,JPM,BRK.b,BAC,WFC,C,GS,USB,MS,PNC,AXP,BLK,CB,SCHW,BK,CME,AIG,MET,SPGI,COF,PRU,BBT,ICE,MMC,STT,TRV,AON,AFL,PGR,STI,ALL,MTB,DFS,MCO,TROW,SYF,FITB,KEY,AMP,NTRS,RF,CFG,WLTW,HIG,CMA,HBAN,LNC,PFG,ETFC,XL,L,IVZ,CBOE,BEN,AJG,RJF,CINF,UNM,ZION,AMG,RE,NDAQ,TMK,LUK,PBCT,BHF,AIZ,NAVI
2017-08-08,93.14276702509,176.43,24.775448103376,52.348528222261,68.583622428399,231.26146527117,52.893291186315,47.693705383554,132.36,85.611303682658,426.27664397049,147.80197760672,42.561437421057,53.541212179611,124.10856329114,64.226371195743,48.415502453207,147.51178329674,85.51,110.6658812074,47.582542637024,64.161730168723,77.092527669758,93.937046686119,127.75141501294,138.23304402253,80.8040978288,47.64,57.631772334294,93.827746463428,163.54836910157,61.270957056226,127.0037953287,82.631085572843,30.581455201443,27.25196036036,18.145636987203,148.03012093255,88.369715992336,14.759140271493,35.173432835821,149.15173523004,55.813805423232,73.138183411215,13.266822429907,74.053659184487,65.736138346819,41.23,44.033127217435,48.812978550468,34.3157490472,95.20364233141,43.454916201117,58.415980072153,82.664345357776,79.225880651945,50.52842634776,45.688514917127,181.56,263.33565002653,74.869139584443,79.123131175889,25.598363004776,17.300531011045,56.77,104.18779746835,14.307619047619
2017-08-09,92.993627240143,178.06,24.616248436849,52.427979602602,68.135558693021,230.22499932038,52.933068055039,47.415085781897,131.73,85.36225986231,428.78169770587,148.54825122463,41.943738656987,53.790055887454,125.53109651899,63.669351405289,47.958846083954,149.98888297579,85.14,109.13712755599,47.355724299065,65.334632439816,77.132348190248,93.867353063777,129.34147540984,139.83901314417,81.331254055403,48.04,57.185014409222,94.315758306832,162.18521727539,60.578741595617,127.32205072811,82.621152758133,30.113574864702,26.983517117117,17.918198485456,147.18451876325,88.817585934859,14.58036199095,34.864893951296,148.73316160451,56.00300476365,72.152520443925,13.092912772586,73.455970248373,65.497927970808,41.15,44.420952863659,48.743160232149,34.276089123424,96.540043763676,43.395184357542,58.505377082975,81.706843287995,79.802068874869,50.538382687927,45.169893922652,180.53,265.83852088783,75.864078316462,79.083205286561,25.449014329136,17.161809685641,56.72,104.45634835443,13.981547619048
2017-08-10,91.661311827957,176.36,23.999349729054,51.593740109021,66.930765093452,224.73372298491,52.087809594645,46.07174127391,128.99,84.236581794339,420.18300135228,147.5930209937,40.536297640653,51.709722489882,123.54153955696,62.664726426077,46.400258041069,147.57147244564,83.06,105.28546251217,46.352803738318,64.76806100378,76.734142985343,92.095143809921,128.88433304573,138.50236803672,80.386351385076,47.71,56.013515850144,93.77794933655,157.92661157025,59.431641689464,126.21810231139,82.293369872702,29.187769092002,26.227899099099,17.423766959919,143.04604226406,86.797194860814,14.202941176471,33.551115475255,147.46747468922,55.495153902528,70.499792640187,12.730186915888,71.483596759198,63.949560526733,40.15,44.251900658895,48.453912913399,33.254846086192,96.410392878456,42.439474860335,58.217320048102,79.64222945003,79.096735015773,49.721962794229,44.322148066298,175.42,266.41230155958,75.535748534896,78.304650444664,25.070664350847,16.834823704333,58.5,102.4372435443,13.536904761905
2017-08-11,90.895727598566,175.34,23.740650270946,51.583808686478,66.512572273766,223.38831045263,51.759650427668,45.424945770065,128.05,83.967614468364,421.64428269792,145.71241147656,40.576225045372,51.948612449412,122.61639556962,62.316589057043,46.469749227694,147.64110978601,82.8,104.91816455696,45.985397196262,64.618963257454,76.674412204607,91.676982075865,127.38371354616,138.04351971625,80.316726977789,47.23,55.586613832853,93.568801403663,155.81720874433,58.976757243921,127.06346821609,82.233772984441,29.068310282622,25.959455855856,17.324880654812,142.618267049,86.737478868477,13.974502262443,33.232623723488,148.63350121748,55.80384756321,69.90242114486,12.640747663551,71.12498339753,63.840380771061,40.07,44.162402432843,48.1447175037,33.701020228672,95.971574497712,42.558938547486,58.028593025253,79.143530455352,78.480809674027,49.48301063022,43.99302320442,175.23,262.22765976383,75.117874267448,78.015187747036,24.612661745549,16.666376380629,57.97,101.98965873418,13.517142857143
2017-08-14,91.959591397849,177.29,24.297849103793,52.477636715316,67.597882210569,226.58740247383,52.49552249907,46.280705975153,130.9,85.143101300404,425.5211515741,146.66764170749,41.045372050817,52.585652341492,124.02898101266,62.545365042408,47.234152280574,149.7600745717,84.26,105.96049659202,46.531542056075,64.996677548145,77.421046963805,93.110679449771,127.98992407248,139.31034007928,80.814044172698,47.77,56.897103746398,94.036894396315,158.29476206345,59.827193381241,129.81836651727,83.276718528996,29.506325917017,26.526169369369,17.710537244731,144.38905747413,88.220426011496,14.312194570136,34.058711704635,150.79613161605,56.212119824111,71.356025116822,12.879252336449,71.88205604994,64.525235602094,40.51,44.450785605677,48.314276276761,33.710935209616,96.809318679133,42.827731843575,58.465645078165,80.011266706091,79.007326498423,49.642312072893,44.870689502762,178.39,266.05616183229,76.411294619073,78.624057559289,24.801836734694,17.013179694138,57.36,103.67058835443,13.764166666667
2017-08-15,92.198215053763,177.47,24.347598999583,52.487568137858,67.677537985747,226.81662090526,52.684462625511,46.20110037468,130.34,86.458052671839,425.7100246732,147.2348096571,40.855716878403,52.904172287531,125.26250632911,62.694566771994,47.432698528076,150.71510095398,84.15,105.47407497566,46.660630841121,65.463850486632,77.759521387975,93.409366402668,128.24830888697,138.93129146672,80.823990516596,47.59,56.93681556196,93.997056694813,157.70771127699,61.181957925576,131.47926188296,83.336315417256,30.85023752255,26.864209009009,17.710537244731,144.15029921456,88.270189338442,14.381719457014,33.829795758052,150.35762591311,56.570602784903,71.62484228972,12.919003115265,71.892017532209,64.51531016976,40.34,44.470674100355,48.244457958442,33.82,97.278056494927,42.698312849162,58.32658306133,80.130954464814,78.917917981073,49.841438876234,45.13,178.9,264.54256799127,76.610282365477,78.713890810277,24.642531480677,16.943819031436,58.01,102.78536506329,13.645595238095
2017-08-16,91.561885304659,178.54,24.06899958316,52.328665377176,67.418656716418,224.84334919125,52.555187802157,45.783170972195,130.1,87.055757840673,424.53702332092,147.28456123163,40.666061705989,52.63542108306,125.56093987342,62.63488608016,47.601462838452,151.48111169811,83.82,104.44166991237,46.491822429907,65.662647481732,77.799341908465,92.632780325135,128.66569974116,138.97119132068,80.386351385076,48.71,57.046023054755,93.997056694813,157.80721141029,61.023737248865,131.36986158941,83.574702970297,30.730778713169,26.675304504505,17.779757658306,142.618267049,89.056449904204,14.242669683258,33.789984289081,149.50054658465,56.271866984243,71.346068925234,12.919003115265,70.865984858547,64.674117087101,40.42,44.371231626964,48.184613685597,33.66,97.567277700418,42.638581005587,58.515310084178,79.712047309284,78.590086750789,49.283883826879,45.12,178.39,264.04792948113,76.729675013319,78.604094614625,24.552922275293,16.894275700935,57.5,102.05928303797,13.833333333333
2017-08-17,90.130143369176,177.16,23.521750729471,51.444768770881,66.313432835821,220.66758733179,51.431491260692,44.867706566752,127.3,85.760729974866,417.4493117601,145.22484604619,39.598003629764,51.560416265176,124.70543037975,61.341804423749,46.608731600945,149.19302765722,81.99,101.91029211295,45.836448598131,64.758121154025,76.863559676937,91.388251354731,127.39365142364,136.35775088671,79.401663339156,48.51,55.72560518732,92.951317030376,153.10085510531,59.233865843575,129.51005659908,82.054982319661,29.964251352977,26.108590990991,17.591873678602,138.0221705523,87.01615349938,13.895045248869,32.655357423409,147.54720299885,55.365701722243,69.175619158879,12.561246105919,68.624651348121,62.460745676662,39.61,43.714911302585,47.306897683872,32.77,96.928996419336,41.872022346369,57.462411956708,77.547693672383,77.139681913775,47.949734244495,43.85,173.0,259.68521782173,75.893926478423,76.707614871541,23.786265740339,16.478111724724,55.97,99.781573670886,13.477619047619
2017-08-18,90.219627240143,177.56,23.501850771155,51.325591700369,66.293518892026,221.3951067011,51.391714391967,45.166227568527,127.11,85.053445525079,414.07941804465,144.717379986,39.438294010889,51.859028714589,124.73527373418,61.01356061866,46.67822278757,149.32235414649,81.53,101.95,45.796728971963,64.201489567743,77.012886628777,92.015493955815,127.09551509922,136.17820154392,79.411609683055,48.63,55.72560518732,92.542980589977,152.66305451879,58.769092605738,130.15651287914,81.747065063649,29.934386650631,26.178187387387,17.394101068387,138.08186011719,87.513786768849,13.964570135747,32.904179104478,147.93587850827,55.325870282155,69.066101051402,12.581121495327,67.758002390756,62.460745676662,39.72,43.545859097821,47.456508365984,32.86,96.041386512831,41.64305027933,57.551808967531,77.647433471319,76.831719242902,47.720738420653,43.92,172.84,260.19964187227,74.530860415557,76.468059535573,23.865918367347,16.478111724724,57.45,99.473237468354,13.438095238095
2017-08-21,90.110258064516,178.34,23.263051271363,51.464631615966,65.666229662498,220.03972815006,51.381770174786,44.459727864327,126.6,84.973751502568,412.90641669237,144.60792652204,39.198729582577,51.948612449412,124.62584810127,60.963826708798,46.340694166818,149.21292404018,81.42,101.08,45.558411214953,64.161730168723,77.112437930003,91.925887869946,126.65824849008,137.82407051951,79.71,48.69,55.378126801153,92.343792082465,151.7277532658,58.610871929027,130.47569507028,81.81659476662,30.123529765484,26.058879279279,17.216105719194,136.74879316793,87.454070776513,13.944705882353,32.545875883739,148.42421440472,55.047050201539,68.468729556075,12.521495327103,66.811661575242,62.262237029986,39.84,43.55580334516,47.27697554745,32.88,96.829264969167,41.583318435754,57.74053599038,77.517771732703,76.474085173502,47.12335801063,43.54,172.05,259.65553951112,74.908937133724,76.378226284585,23.875874945723,16.428568394223,56.86,98.846618734177,13.349166666667
2017-08-22,91.034924731183,180.45,23.710800333472,51.861888517672,66.562357133253,222.82024738344,51.650264038676,45.345340169592,127.51,84.973751502568,418.87083034803,144.58802589223,39.697822141561,52.416438620158,125.71015664557,60.894199234991,46.827132473196,152.04815861259,81.44,101.9,45.806658878505,65.106015895451,77.77943164822,93.23015423093,126.97626056946,139.22056540789,80.17,48.89,56.112795389049,93.389531746902,152.8322047454,59.184421882103,132.241171565,83.048263790665,30.203168971738,26.466515315315,17.423766959919,138.07191185638,88.63843795785,14.14334841629,33.262482325216,148.98231257209,55.325870282155,69.543998247664,12.620872274143,67.578695709922,62.401193082659,40.64,43.754688291941,47.646015229993,33.25,98.843840262582,42.320011173184,58.227253049304,78.794441159077,76.97079915878,47.63113135915,43.99,175.4,260.85256470565,76.053116675546,77.286540266798,23.895788102475,16.547472387426,57.21,99.363827848101,13.497380952381
2017-08-23,91.14429390681,179.98,23.641150479366,51.673191489362,66.940722065349,221.9831018078,51.520989215322,45.574206270952,127.53,84.95382799694,415.59040283742,143.52334219734,39.687840290381,52.525929851609,125.29234968354,60.446594046233,46.708004724696,150.50618893286,81.29,101.1,45.826518691589,64.628903107209,76.813784026324,93.040985827428,126.37005004314,137.87394533695,80.06,48.83,55.92416426513,92.801925649742,152.44415422554,58.995429610547,131.68260273051,82.293369872702,30.173304269393,26.446630630631,17.483098742984,137.79336055355,88.78772793869,14.212873303167,33.342105263158,147.88604831475,54.917598021253,69.802859228972,12.591059190031,67.44919644043,62.500447405997,40.58,43.098367967562,47.366741956717,32.87,98.135746966382,42.160726256983,57.82,78.804415138971,76.344939537329,47.73069476082,43.93,174.19,259.97210815761,75.306912626532,77.156781126482,23.905744680851,16.547472387426,56.65,99.522969113924,13.467738095238
2017-08-24,90.995154121864,178.43,23.72075031263,51.802299982416,67.398742772623,222.23225227674,51.560766084046,45.773220272136,127.67,85.033522019451,413.47303598966,142.05069559132,39.568058076225,52.545837348237,125.26250632911,59.909467819724,47.254006905324,151.07323584734,81.43,101.69,45.826518691589,64.310827915048,76.53504038289,93.369541475615,124.78992752373,137.43504694346,80.39,48.26,55.824884726225,91.168579888146,152.06605371901,59.154580997121,131.86214271303,81.90599009901,30.322627781118,26.695189189189,17.443544220941,137.68392968458,89.325171869717,14.351923076923,33.839748625295,147.85615019864,54.39978930011,70.06172021028,12.620872274143,67.738079426219,62.599701729335,40.94,42.282939685758,47.087468683441,32.58,98.195585836483,42.200547486034,57.919330012025,78.584987581313,75.927699789695,48.16877372817,44.38,174.73,254.84765319259,74.560708577517,76.957151679842,23.885831524099,16.517746389125,55.34,98.22,13.457857142857
2017-08-25,91.363032258065,179.6,23.651100458524,51.414974503253,67.55805432298,221.71401930135,51.77953886203,45.713516071781,127.88,85.143101300404,413.90048563498,142.9163729881,39.687840290381,52.406484871844,126.43634493671,60.456540828206,47.641172087952,150.8936836357,81.49,102.82,45.826518691589,65.016557247655,76.614681423871,93.060898290955,125.68433649698,137.70437095765,80.91,48.4,56.003587896254,91.646632306174,153.031205012,59.37341415366,132.05165713901,83.336315417256,30.402266987372,26.516227027027,17.488043058239,137.8928431617,89.305266538938,14.351923076923,33.690455616654,148.3743842112,54.798103700989,70.011939252336,12.680498442368,67.917386107053,62.857762970014,41.07,42.770207805373,47.356767911243,32.77,99.502067833698,42.479296089385,57.988861020443,78.545091661739,76.950930599369,48.33803151101,44.7,174.88,257.44945175591,75.366608950453,77.556040019763,24.124789405124,16.70601104503,55.54,98.49,13.467738095238
2017-08-28,91.074695340502,178.7,23.601350562734,51.275934587656,67.518226435391,219.60122332472,51.670152473038,45.255783869059,127.55,85.083330783521,411.88252568148,141.07556473058,39.468239564428,52.028242435922,126.26723259494,60.337179444537,47.224224968199,151.61189248225,80.55,102.68,45.816588785047,64.90721890035,77.092527669758,92.49339308045,122.46446419327,138.03354475276,80.8,47.31,55.368198847262,90.282191029718,151.24020261264,58.786543415669,132.34091599973,83.574702970297,30.153394467829,26.436688288288,17.289202318521,137.03729273158,88.538911303956,14.193009049774,33.31224666143,147.49737280533,54.260379259802,68.936670560748,12.640747663551,67.638464603533,62.84783753768,41.03,41.61667511404,46.84110976023,32.45,99.881047344341,42.409608938547,57.909397010823,78.215950325251,76.583362250263,48.059253986333,44.28,173.99,250.1782656569,75.247216302611,77.066947875494,23.935614415979,16.606924384027,55.34,95.44,13.438095238095
2017-08-29,90.577562724014,178.62,23.462050854523,51.067374714261,67.189646362781,219.96,51.212718482707,45.12642476829,126.27,85.093292536335,411.67377120353,141.18501819454,39.10889292196,51.849074966275,125.72010443038,59.889574255779,46.390330728693,150.5445543353,79.74,101.32,45.747079439252,64.430106112109,76.654501944361,91.597332221759,122.2458308887,137.55474650532,81.71,47.63,55.12,90.82,149.37955011997,58.139990907713,132.69002152129,83.465442008487,29.98416115454,26.108590990991,17.150013800718,136.66920708141,88.120899357602,14.063891402715,33.153000785546,147.36781430219,54.10105349945,68.289518107477,12.511557632399,66.901314915659,62.192759003649,40.67,41.557009630005,46.561461343751,32.23,100.07053709966,42.210502793296,57.651138979557,77.338240094619,76.27539957939,47.720738420653,43.71,173.88,249.78255484879,74.829342035162,76.667688982213,23.587134172818,16.507837723025,55.76,94.52,13.359047619048
2017-08-30,90.786358422939,180.35,23.87,51.007786179005,67.717365873336,222.42,51.302216437337,45.434896470124,125.79,85.36225986231,413.73149391474,140.45864520644,39.498185117967,52.117826170746,125.40177531646,59.879627473807,46.717932037071,153.15803652691,80.09,102.14,45.97546728972,64.440045961864,77.06266227939,91.995581492288,121.05328559103,137.80412059253,82.06,46.57,55.49,90.07,149.29,58.657232914078,134.09641805098,83.256852899576,30.521725796753,26.14836036036,17.179839911675,136.49013838673,88.31,14.14334841629,33.232623723488,147.26815391516,54.35,68.349255257009,12.591059190031,67.51892681631,62.56,40.91,41.06974151039,46.561461343751,32.44,100.27,42.41956424581,57.82,77.996522767593,76.325070977918,47.939777904328,43.82,174.04,249.05048985379,74.7,76.79744812253,23.646873643074,16.597015717927,57.1,94.78,13.28
2017-08-31,90.36876702509,181.16,23.89,50.719774925268,67.737279817131,223.74,50.96411305318,45.275685269178,125.41,85.77069172768,419.01,140.71735339398,39.827586206897,52.038196184236,125.14313291139,60.158137369034,46.489603852444,153.94607123354,79.61,102.08,45.766939252336,64.281008365783,77.729655997607,92.085187578158,120.42719930975,138.81159190486,82.55,46.48,55.1,90.5,147.86,58.637338990756,133.68746586859,83.793224893918,30.651139506915,25.979340540541,17.110245652774,137.79336055355,88.5,14.014230769231,32.973849175177,147.96577662438,54.07,67.951007593458,12.511557632399,67.598618674459,62.52,41.01,40.731637100862,46.521511569968,32.78,100.89,43.036793296089,57.9,78.116210526316,76.335005257624,47.969646924829,43.66,176.69,249.77266207859,74.998481619606,76.827392539526,23.577177594442,16.547472387426,57.07,94.69,13.2
2017-09-01,91.174121863799,180.73,24.09,50.620460699842,68.28491327148,225.88,51.391714391967,45.96228357326,126.64,85.810538738936,421.78,139.79197410777,40.087114337568,52.087964925805,125.59078322785,60.376966572426,47.452553152826,153.33758873855,80.31,103.15,45.965537383178,64.708421905249,77.520598265031,92.772167569821,119.15515099223,138.51234300021,82.9,45.66,55.48,89.78,149.0,59.273944537051,133.41815589481,83.713762376238,30.780553217078,26.257726126126,17.259376207563,139.09658272036,88.96,14.133416289593,33.451586802828,147.59703319236,54.05,68.99640771028,12.610934579439,68.674458759463,63.31,40.99,40.393532691333,46.851097203675,33.12,100.94,43.206033519553,57.92,78.754545239503,76.45421661409,48.387813211845,44.32,177.11,246.95322257081,74.988532232286,77.376373517787,23.846005210595,16.696102378929,57.49,94.6,13.75
2017-09-05,88.996681003584,176.98,23.31,49.756426938632,66.871023262068,217.78,50.586232800298,44.688593965687,123.79,84.983713255382,413.65,136.17005948216,38.699637023593,50.963191366352,124.80490822785,59.332554465325,46.966114846447,152.79893210363,78.66,100.74,45.06191588785,64.559324158924,77.73961112773,91.388251354731,114.71291975841,139.99861255998,81.52,44.11,53.84,86.49,145.45,58.130043946052,132.7199448517,82.223840169731,29.735288634997,25.641300900901,16.692680099365,134.96805448198,86.51,13.54742081448,32.496111547526,146.96917275407,52.88,66.447622663551,12.302866043614,66.592508965334,61.82,39.94,38.05663456665,45.782440754988,32.26,102.2,41.543497206704,57.71,76.071544648137,74.27860935857,47.372266514806,42.76,174.41,229.86196765499,74.003542887587,75.729430583004,22.999696048632,16.250212404418,54.08,90.46,13.84
2017-09-06,89.593240143369,176.79,23.41,49.537935642694,67.030334812424,218.83,50.626009669022,44.847805166634,123.56,84.904019232871,412.19,137.02578656403,38.859346642468,51.032867604548,127.74945253165,59.153512389822,47.601462838452,150.82385777562,79.47,100.58,44.754088785047,65.374391838837,78.615662578522,91.228951646519,116.99863157895,139.87891299812,81.68,44.94,53.82,87.5,145.16,58.547816335808,133.89692918152,82.223840169731,29.824882742032,25.621416216216,16.811984543196,134.40100361551,86.59,13.527556561086,32.615545954438,147.11866333461,52.77,66.587009345794,12.432056074766,66.901314915659,61.29,40.12,38.235631018753,46.112026388695,32.05,103.73,41.424033519553,58.18,75.951856889415,74.626309148265,47.56143697798,42.61,172.99,226.0738535637,73.814504528503,75.90909708498,22.740825010855,16.299755734919,53.18,91.07,13.8
2017-09-07,88.022301075269,173.99,22.97,49.339307191841,65.775756353368,215.84,49.581866865006,43.852735160718,120.71,84.087155502131,414.25,134.20984744577,38.040834845735,50.047446521488,125.74,57.959898553135,46.469749227694,151.023360233,78.23,98.65,43.353971962617,63.913233924847,78.486245886928,90.571840350146,115.18,138.262968913,80.55,43.73,52.3,86.45,142.47,57.781900287922,133.87698029457,81.697400990099,28.928941671678,24.826028828829,16.374534915816,131.47621493579,86.84,13.17,31.92879811469,147.35784826349,51.64,64.177610981308,12.104112149533,64.968787355559,59.92,39.49,36.276614292955,45.063344826899,31.75,103.68,40.956134078212,57.68,74.615343583678,73.185838590957,46.227287395596,41.33,172.69,210.72254606513,73.346883324454,74.541635375494,22.173300043422,15.92322642311,53.0,87.74,13.14
2017-09-08,87.912931899642,175.5,22.89,49.239992966415,65.885283044238,217.21,49.701197471179,43.793030960363,121.51,83.927767457109,415.95,140.15018544437,38.609800362976,50.196752746194,128.04,59.461862630966,46.797350536071,151.55204174504,78.21,98.91,43.661799065421,64.94697829937,81.58229135507,92.095143809921,119.76,142.28287919883,81.18,45.41,52.37,89.61,144.07,57.354180936506,135.00409240702,81.578207213579,28.42124173181,24.955279279279,16.523665470604,132.08305884553,88.46,13.26,32.655357423409,151.32433166731,53.17,64.436471962617,12.243239875389,65.546553327135,60.67,39.66,38.394738976178,45.912277519782,31.69,104.74,40.856581005587,59.69,75.12401655825,75.272037329127,46.904318526955,41.64,173.31,221.20200079537,73.973694725626,75.929060029644,22.262909248806,16.101582412914,54.54,90.77,13.51
2017-09-11,89.275075268817,177.87,23.36,50.31258660102,67.418656716418,221.06,50.596177017479,44.937361467166,123.77,85.36225986231,424.04,145.15519384185,39.238656987296,51.291665060705,128.8,60.446594046233,47.244079592949,152.38995206602,79.06,100.93,44.366822429907,65.314752740306,80.835656595872,93.917134222593,122.56,142.30282912581,82.47,46.42,53.57,91.23,146.52,57.881369904531,135.37314681552,82.790010608204,29.018535778713,25.55181981982,16.931288987027,135.83355317292,90.03,13.52,33.302293794187,151.01538446751,53.94,66.45757885514,12.461869158879,66.921237880197,61.88,40.44,40.323922959959,46.671323221653,32.1,104.38,41.543497206704,60.04,76.889410999409,76.017108307045,47.830258162491,42.73,177.25,230.62754451858,73.794605753863,76.697633399209,22.631302648719,16.448385726423,55.11,93.34,14.13
2017-09-12,90.36876702509,178.63,23.95,51.2163460524,68.494009681323,225.95,51.282328002975,45.524452770657,126.44,86.218970604306,428.57,146.27957942617,39.767695099819,51.749537483137,130.06,60.874305671046,48.14746501908,153.21788726412,79.57,102.18,44.476051401869,65.980722673893,81.39314388274,94.544376823677,122.48,142.53225328604,82.24,46.58,54.64,91.87,149.02,57.682430671314,135.81202232833,84.28986562942,29.05835538184,26.029052252252,17.358796577422,136.92786186261,90.57,13.7,34.317486252946,152.09171664744,53.84,68.896845794393,12.71031152648,68.395537255944,62.47,40.75,40.224480486569,46.821134873338,32.51,104.73,42.001441340782,60.32,78.01647072738,76.146253943218,48.318118830676,43.325,178.83,231.91013432902,74.650253063399,77.635891798419,22.93,16.765463041631,55.19,94.04,14.42
2017-09-13,90.627275985663,178.92,24.33,51.107100404431,69.091427995159,226.56,51.749706210487,45.992135673437,127.3,86.308626379631,425.52,143.83180195941,39.7277676951,51.351387550588,130.87,60.416753700316,48.296374704707,153.07823554396,80.21,102.36,44.396612149533,66.020482072914,81.383188752617,93.857396832013,121.51,142.63200292093,82.04,46.14,55.26,90.94,150.5,58.975535687225,135.02404129397,84.27,29.187769092002,26.178187387387,17.756478056859,136.94775838424,88.27,13.74,34.526496465043,152.36079969243,53.51,68.478685747664,12.819626168224,68.97330322752,62.25,40.67,40.413421186011,47.100783289817,32.73,105.37,41.802335195531,59.96,78.255846244826,75.440920084122,48.258380789674,43.05,177.25,231.97973222571,74.361720831113,77.017040513834,22.820477637864,16.805097706032,55.35,93.77,14.44
2017-09-14,90.448308243728,178.57,24.24,50.938266221206,68.9420734167,226.85,51.351937523243,46.19114967462,127.19,85.860347503005,425.69,142.08054653604,39.917422867514,50.893515128156,132.12,59.81,47.998555333454,153.33758873855,78.7,101.97,43.761098130841,66.18,80.835656595872,93.688140892038,119.96,141.78413102441,82.11,46.07,54.74,90.5,149.92,58.33893014093,134.61508911157,84.27,28.570565243536,26.158302702703,17.776362130831,138.29077359431,87.81,13.69,34.616072270228,151.90236191209,53.33,68.18,12.720249221184,68.913534333909,62.01,40.72,39.24,47.160707950491,32.79,105.85,41.961620111732,60.0,78.096262566529,75.123023133544,47.850170842825,42.66,178.57,227.97288188768,74.7,76.787466650198,22.969826313504,16.616833050127,55.62,93.26,13.78
2017-09-15,91.094580645161,179.89,24.38,51.305728855284,68.742933978755,225.22,51.520989215322,46.370262275685,128.19,86.657287728117,428.72,142.79696920924,40.137023593466,51.321526305647,131.3199,59.62,48.187174268581,153.61689217887,80.04,102.78,43.830607476636,65.38,80.955118157344,93.628403501459,120.7,142.95120175256,82.81,46.02,54.83,90.88,149.99,59.114793150477,135.98158786738,84.72,28.889122068551,26.367091891892,17.816130278774,139.13637576362,87.96,13.75,34.994281225452,152.61991669871,53.71,69.09,12.76,69.341878071457,62.51,41.06,39.37,47.430368923525,33.08,104.67,42.290145251397,60.38,79.562437610881,74.725651945321,48.218555429005,43.28,179.87,230.32926781848,74.75,77.076929347826,22.93,16.755554375531,56.56,93.85,13.94
2017-09-18,92.387125448029,181.47,24.7,52.348528222261,70.296221594729,227.53,52.087809594645,47.086712679945,129.7,87.53392197574,429.44,142.85667109867,40.576225045372,51.460878782039,131.3,59.39,48.544557514083,154.04582246223,80.25,103.38,43.929906542056,65.65,81.084534848938,94.345252188412,120.72,143.6893490507,83.15,46.31,55.56,90.48,151.67,59.930444006668,136.41048893671,85.3599,29.128039687312,26.715073873874,17.985144907535,140.13120184516,88.54,14.02,35.422254516889,151.58344867359,53.83,70.68,13.09,70.397795191925,62.42,41.46,39.17,47.44035636697,33.44,105.49,42.578849162011,60.4,80.70944529864,75.58,48.756197798026,43.96,182.61,225.36793204012,75.09,77.386354990119,23.37,16.884367034834,57.21,93.8,13.96
2017-09-19,93.401275985663,183.01,24.86,52.994070687533,70.843855049079,228.91,52.863458534771,47.434987182015,131.28,88.659600043711,432.39,142.75716794962,40.965517241379,51.799306224706,131.81,59.49,49.110414319462,155.22288696074,80.96,104.31,44.33703271028,66.32,81.403099012863,95.261225510629,120.58,144.07837262675,83.64,47.63,56.03,91.14,152.71,60.169171086528,136.39054004977,85.1,28.958806374023,27.023286486486,18.014971018493,140.49928749532,88.58,14.15,35.651170463472,151.32433166731,54.41,71.84,13.25,71.234559702484,62.9,41.7,39.03,47.630117792438,33.51,105.43,42.658491620112,60.37,80.958794795979,75.540262881178,49.04493166287,44.41,182.4,224.58247006319,76.32,77.745687994071,24.29,17.052814358539,56.93,92.97,14.07
2017-09-20,94.057491039427,183.82,25.06,53.381396166696,71.152521177894,229.79,53.221450353291,47.653902583317,133.0,88.091780133319,434.07,143.16513086074,41.534482758621,52.157641164001,133.8,60.12,49.765616936217,155.44233966386,81.8,105.17,44.545560747664,66.67,82.21941968292,95.400612755315,121.91,145.61451700396,83.92,47.7,56.67,91.38,154.56,60.019966661615,136.42046338019,85.72,28.869212266987,27.25196036036,18.044797129451,140.75794227652,89.68,14.31,35.621311861744,151.89239587338,55.13,72.53,13.36,71.931863461283,63.12,41.78,39.03,47.729992226895,33.45,106.39,42.777955307263,60.72,82.105802483737,75.828356992639,49.463097949886,45.11,183.16,223.52855905616,76.74,78.474335474308,24.38,17.171718351742,57.49,93.28,14.06
2017-09-21,94.485025089606,183.16,25.16,53.689270265518,71.451230334812,231.29,53.440223131276,48.022078485506,133.35,88.081818380505,433.63,142.23975157453,42.003629764065,52.177548660628,133.8,60.5,50.083290932219,155.36253868091,81.58,104.78,44.922897196262,66.83,81.970541429853,95.530043768237,121.49,144.57712080117,83.63,47.68,57.01,90.67,154.42,60.179118048189,136.30077005851,85.97,28.759708358388,27.381210810811,18.14421749931,141.38468270789,90.84,14.43,36.099049489395,150.85592784826,54.35,73.33,13.4,72.051401248506,62.93,41.78,39.64,47.65009267933,33.56,106.26,42.389698324022,60.67,82.524709639267,75.58,49.811569855733,45.36,184.18,225.99431311034,76.1,78.504279891304,24.47,17.250987680544,57.68,93.6,14.03
2017-09-22,94.286172043011,181.86,25.02,53.877967293828,71.092779346511,231.03,53.370613611008,47.982275685269,133.43,88.061894874877,435.49,141.88154023793,42.46279491833,52.12777991906,134.17,60.71,50.172636743594,156.42987682786,81.94,105.0,44.903037383178,67.05,82.348836374514,95.141750729471,122.04,145.65441685792,83.94,47.98,57.22,90.53,153.82,61.084291559327,137.67724325778,86.69,29.337092603728,27.152536936937,18.213811758211,142.18054357312,90.375,14.42,36.178672427337,152.19137703447,54.45,73.42,13.39,72.599282773277,63.12,41.82,39.19,47.550218244873,34.2,106.6,42.698312849162,60.99,82.694267297457,75.88,49.901176917236,45.12,184.97,224.96028721665,76.42,78.494298418972,24.54,17.221261682243,58.35,94.45,14.78
2017-09-25,93.580243727599,182.52,24.76,53.65947599789,70.535188920264,230.26,53.310948307921,47.50464208243,133.52,87.872621571413,437.63,142.49845976207,42.422867513612,51.958566197726,134.3,61.01,50.480383427222,155.13311085492,82.48,105.36,45.01226635514,67.22,82.508118456476,94.046565235515,122.67,144.85641977884,84.26,48.0,57.47,91.04,154.71,61.58163964237,138.42532651826,87.32,29.426686710764,26.983517117117,18.164101573282,142.40935357187,89.39,14.48,36.288153967007,152.99862616942,54.68,73.62,13.38,72.489706468322,63.38,41.66,39.41,47.729992226895,34.23,106.31,43.215988826816,60.88,82.50476167948,76.32,50.169998101746,45.45,186.79,222.6536140692,77.12,78.773779644269,24.67,17.320348343246,58.68,94.94,14.82
2017-09-26,93.162652329749,181.86,24.81,53.431053279409,70.634758639236,229.94,53.30100409074,47.226022480773,132.43,88.35078570648,434.4,140.90640937719,42.752268602541,51.878936211216,133.09,60.47,51.095876794476,154.68423032583,82.8,105.94,44.873247663551,66.99,83.27466347592,93.498972488537,122.57,145.91376590862,83.54,47.85,58.13,90.73,155.44,62.357502651917,137.99642544892,86.56,29.804972940469,27.232075675676,18.233695832183,143.60314486972,89.87,14.71,36.646457187745,154.33407535563,54.9,73.78,13.45,72.659051666888,63.36,41.9,38.23,47.819879217906,34.09,104.71,43.305586592179,61.48,82.734163217031,76.17,50.299430523918,45.84,185.79,219.00469577129,76.37,78.723872282609,24.78,17.459069668649,60.64,94.37,15.18
2017-09-27,94.634164874552,183.27,25.41,53.838241603657,71.96899287347,234.76,53.847936035701,47.833015184382,134.32,89.147725931592,438.4,141.20491882435,43.960072595281,52.515976103295,134.53,61.25,51.483041977103,154.38497663977,83.93,106.78,45.757009345794,68.13,83.842105892911,95.121838265944,122.59,146.06339036094,83.78,47.71,59.27,90.89,157.91,63.720236399454,138.35550541395,88.09,30.800463018641,27.520403603604,18.561783052719,147.14472571999,91.68,15.05,37.044571877455,155.30078110983,55.04,75.12,13.75,73.834506574578,64.52,43.16,37.99,47.779929444123,34.4,106.7,44.281206703911,61.63,84.150468361916,76.9,51.105894077449,46.59,188.45,219.81004286156,77.13,79.692075098814,25.01,17.746420985556,61.3,95.65,15.53
2017-09-28,94.833017921147,183.21,25.45,53.877967293828,72.33740083367,235.47,53.48,47.912620784855,134.46,89.795239864496,446.11,142.19,43.550816696915,52.764819811139,135.86,60.97,50.94696710885,155.14308597779,84.12,106.0,45.97546728972,68.54,83.284618606042,95.390656523551,122.8,146.58208846234,82.3,48.06,59.3,91.29,159.22,64.01864524928,138.25576097922,90.13,31.049335538184,27.59,18.551841015733,146.98555354694,91.93,15.04,36.895278868814,155.53,55.12,75.52,13.87,73.047549475362,64.0,43.2,39.11,47.779929444123,34.28,107.32,44.55,61.51,84.349947959787,77.38,50.86694191344,46.94,189.39,221.59970306217,77.63,79.592260375494,25.11,17.805872982158,60.43,95.78,14.92
2017-09-29,94.962272401434,183.32,25.34,54.771795322666,72.427013580745,237.19,53.59,47.932522184973,134.77,90.11401595454,447.09,142.55,43.660617059891,52.774773559453,135.68,61.39,51.572387788479,155.92114556156,84.66,106.32,46.610981308411,68.7,83.433945557882,95.54,122.52,145.73421656583,81.39,48.42,59.77,91.91,161.04,64.13800878921,138.8542275876,90.65,30.90996692724,27.98,18.710913607508,147.74162136891,91.93,15.23,37.691508248233,154.23,55.43,76.26,13.96,73.19697170939,64.34,43.61,39.45,47.799904331015,35.04,107.63,44.51,61.55,84.33,76.57,50.906767274108,47.18,189.83,227.07805178737,77.57,79.941611907115,25.25,17.974320305862,60.8,95.52,15.02
2017-10-02,96.28464516129,185.41,25.62,55.08960084403,73.482452601856,240.65,53.44,48.67882468941,135.12,90.193709977052,449.95,145.49,43.960072595281,53.401859703218,136.4,61.86,51.761006723605,157.12813542868,85.92,107.28,46.829439252336,69.33,84.14075979659,96.34,123.32,146.92123722095,81.97,49.03,59.83,92.38,161.39,64.814402182149,139.8516719349,90.68,31.338027660854,27.87,18.790449903395,147.90079354195,92.5,15.23,37.044571877455,155.49,55.6,76.65,14.04,73.973967326338,64.92,43.66,39.61,48.059577860602,35.53,108.18,44.73,61.69,84.55,77.5,51.384671602126,47.28,192.6,227.96293933101,77.79,80.181167243083,25.43,18.073406966865,60.99,95.66,14.9
2017-10-03,96.791720430108,185.67,25.86,55.198846491999,73.811032674466,241.62,53.47,49.03704989154,134.18,91.080305977489,450.79,144.7,44.379310344828,53.551165927924,137.33,61.63,52.019116845357,158.8139311935,86.37,107.84,46.551401869159,69.88,84.011343104996,96.99,123.7,146.94118714792,82.23,49.07,59.52,92.1,161.31,65.391325958479,140.63965296926,90.92,31.576945279615,27.91,18.63137731162,148.67675788555,92.39,15.17,36.666362922231,154.89,55.42,76.17,13.9,73.485854695179,65.34,44.38,39.8,48.339226277081,35.76,109.07,44.77,62.0,85.79,77.16,51.30502088079,46.93,192.87,228.00270955769,77.75,80.261019021739,25.48,17.974320305862,60.22,95.7,14.96
2017-10-04,95.807397849462,185.83,25.71,54.583098294356,73.741333871185,240.31,53.15,48.768380989943,134.27,90.661912359305,457.91,144.75,44.199637023593,53.551165927924,136.88,61.58,52.138244593858,159.20296098538,86.34,107.85,46.044976635514,70.46,82.886413401137,97.11,123.9,146.28283955769,82.12,49.17,59.62,92.86,160.69,65.142651916957,141.34783845585,91.41,31.168794347565,27.81,18.46236268286,149.0945848398,91.66,15.09,36.397635506677,154.7,55.68,75.3,13.76,73.914198432727,65.82,44.25,39.15,48.479050485321,35.59,109.34,44.87,61.6,85.53,77.38,51.414540622627,46.69,195.08,226.39201537714,77.57,80.171185770751,25.42,17.756329651657,59.48,95.29,14.7
2017-10-05,97.09,187.12,26.13,55.010149463689,75.394191206132,246.06,53.76,49.385324393611,135.54,91.16,464.43,145.71,45.098003629764,54.17825207169,138.02,61.98,52.197808468108,158.64435410473,87.09,109.26,47.286214953271,70.96,83.324439126533,98.95,124.44,146.2728645942,82.49,49.05,60.64,93.19,161.57,65.620106076678,141.73684175129,91.75,31.517215874925,28.22,18.661203422578,149.77106657524,92.97,15.27,36.95499607227,155.25,55.49,77.0,13.96,74.611502191526,66.57,45.01,39.54,48.838598449365,35.8,108.43,44.76,61.8,86.01,77.39,52.071659073652,47.66,195.22,225.44747249348,77.65,80.81,25.42,18.033772302464,60.57,95.49,12.605
2017-10-06,96.92,187.43,26.21,55.198846491999,75.314535430953,246.02,54.18,49.51468349438,135.69,91.55,463.22,146.15,45.257713248639,54.218067064945,137.2,62.26,52.634610212611,158.05582185547,87.04,109.65,47.355724299065,69.03,83.2,98.8,125.07,146.47236386397,82.27,49.28,60.77,93.29,162.08,65.401272920139,142.12584504674,91.72,31.168794347565,28.19,18.581667126691,150.20879005112,93.27,15.21,37.313299293009,155.02,55.62,76.92,13.9,75.0,66.65,43.95,39.57,48.858573336257,35.77,108.17,44.67,61.76,86.27,76.7,52.310611237661,47.88,194.62,223.71746763289,73.9,80.81,25.26,18.073406966865,61.02,96.04,12.6
2017-10-09,96.41,187.5,25.85,54.761863900123,75.065611133522,242.8,53.85,49.136556892132,135.61,91.69,462.45,146.05,45.327586206897,54.078714588553,137.99,61.78,52.604828275486,158.77403070202,87.3,109.06,47.147196261682,69.46,83.35,98.09,124.95,146.98108700188,82.58,49.45,60.4,93.2,161.17,65.033235338688,141.5872250992,91.98,31.298208057727,28.13,18.46236268286,149.85065266176,92.65,15.01,37.134147682639,154.68,55.58,76.41,13.85,74.7,66.59,44.43,39.32,48.499025372212,35.73,109.22,44.71,61.6,86.07,76.36,52.061702733485,47.34,194.12,224.72166585657,74.5,80.53,25.12,17.984228971963,60.12,95.6,12.22
2017-10-10,97.13,188.0,25.93,55.228640759627,74.856514723679,242.6,54.23,49.246014592782,136.72,91.89,465.49,147.28,45.008166969147,54.407188282906,137.23,61.78,52.753737961112,158.40495115588,87.3,110.0,47.37558411215,69.68,83.49,99.17,125.94,147.26038597955,83.62,49.37,60.76,93.33,163.16,64.993447492044,141.77673952519,92.18,31.60680998196,28.42,18.541898978747,150.46744483232,93.27,15.16,37.631791044776,155.95,55.93,76.95,13.98,75.33,67.5,43.99,39.67,48.888535666594,36.08,108.43,44.92,61.87,86.48,77.12,52.201091495824,47.71,195.22,223.47884627281,74.56,80.93,25.19,18.152676295667,60.1,95.82,12.47
2017-10-11,96.84,187.46,25.83,55.27829787234,74.617547398144,242.4,54.26,48.937542890949,136.49,91.96,473.93,147.37,45.2277676951,54.626170745808,137.19,61.84,52.465845902235,158.60445361325,86.75,110.01,47.018107476636,70.09,83.58,99.29,125.61,147.40003546839,83.88,49.25,60.17,93.09,163.15,64.496099409001,142.18569170758,92.85,31.278298256164,28.26,18.333116202043,151.04444395961,93.73,15.04,37.273487824038,155.96,55.87,76.57,13.85,75.28,67.3,44.24,39.35,48.638849580452,36.29,109.1,44.93,61.72,86.39,76.94,52.001964692483,47.28,194.56,221.23182846538,75.63,81.1,25.27,18.113041631266,60.67,95.32,11.79
2017-10-12,95.99,186.3,25.45,54.831383857922,72.058605620546,239.8,53.99,48.350451587458,135.27,91.61,480.59,146.58,44.948275862069,54.486818269416,137.71,62.55,52.346718153734,160.71917966143,84.59,109.35,46.521612149533,69.91,83.57,98.63,125.95,148.86635510119,83.94,48.75,59.67,92.54,162.83,63.471562357933,143.56216490685,94.46,30.501815995189,28.15,18.134275462324,151.79056352076,93.35,14.91,36.984854673998,156.43,55.86,75.83,13.79,74.85,67.33,43.98,40.67,48.798648675582,36.29,110.02,44.8,62.04,86.33,75.93,51.782925208808,46.72,193.76,225.5071278335,74.91,81.53,25.33,18.113041631266,60.43,95.95,11.8
2017-10-13,95.86,187.37,25.83,53.32180763144,71.799724351217,238.53,54.13,48.061881285742,133.75,92.86,475.49,148.84,44.648820326679,54.41714203122,137.31,63.16,52.336790841359,161.41743826224,85.36,109.11,46.372663551402,69.39,83.9,99.26,126.67,149.00600459003,84.01,48.67,59.46,92.34,163.21,63.541191089559,143.87137265452,94.94,30.68100420926,28.06,18.084565277394,152.11885612766,92.99,14.83,36.805703063629,157.59,55.99,75.55,13.7,74.87,67.21,43.86,41.51,48.788661232137,36.15,110.5,44.64,62.02,85.33,76.47,51.74309984814,46.6,193.55,239.12843047148,74.34,81.61,25.29,18.043680968564,60.4,95.71,11.62
2017-10-16,97.84,187.96,26.24,53.431053279409,71.46118730671,242.41,54.26,48.698726089529,135.03,91.96,477.96,150.32,44.389292196007,54.456957024475,137.52,63.98,52.485700526985,162.05584612584,86.85,109.37,46.70035046729,68.4,83.91,98.54,128.82,149.57457750887,84.18,48.98,59.8,92.46,164.22,65.003394453705,144.38006927164,94.82,31.357937462417,28.37,18.323174165057,152.5963726468,91.92,14.96,36.875373134328,158.95,56.08,75.34,13.92,75.45,67.32,44.49,41.64,48.998397544496,36.32,109.7,44.75,62.12,85.64,76.42,52.191135155657,46.79,195.3,236.75215942733,74.11,82.05,25.71,18.113041631266,60.24,96.22,11.73
2017-10-17,97.62,187.39,26.2,52.825236504308,71.879380126395,236.09,53.88,48.877838690594,134.26,91.69,475.55,150.08,43.311252268603,53.710425900944,136.19,63.63,51.999262220607,161.27778654208,86.07,108.79,46.193925233645,68.17,83.53,97.15,128.65,148.82645524724,83.76,48.55,59.17,91.41,164.14,64.317054099106,143.76165377631,94.73,30.840282621768,27.97,18.084565277394,151.561753522,91.1,14.78,36.507117046347,158.94,55.81,74.8,13.81,74.75,67.57,43.78,42.02,48.598899806669,36.19,109.52,44.39,61.88,84.11,75.93,51.772968868641,45.99,193.79,235.04203968008,74.71,81.89,25.65,17.924776975361,60.63,95.86,12.2
2017-10-18,97.99,187.85,26.48,53.043727800246,72.805378512841,242.03,53.27,49.902760796687,134.74,92.08,477.5,151.11,43.40108892922,54.208113316631,136.37,63.44,52.41620934036,160.74910503003,86.66,108.89,46.213785046729,68.2,83.55,98.35,130.02,149.22545378677,83.76,48.09,59.29,91.25,160.62,65.043182300349,144.82891922792,95.76,31.367892363199,28.07,18.472304719845,151.9497356938,94.58,14.9,37.004760408484,159.8,55.52,76.57,13.95,74.55,67.9,43.92,41.34,48.628862137006,36.79,109.59,44.8,62.13,85.31,76.0,51.962139331815,46.17,195.46,233.65008174628,74.6,82.16,25.77,18.073406966865,60.71,101.8,11.98
2017-10-19,98.11,187.21,26.58,53.381396166696,72.566411187307,239.99,53.59,49.544535594557,135.3,91.9,476.79,153.98,43.191470054446,52.605559838119,134.95,65.07,52.604828275486,159.04335901948,87.48,109.6,46.41238317757,66.85,84.29,97.48,133.17,150.44239933236,84.45,48.69,59.11,92.73,162.26,65.311750265192,143.82150043715,95.63,31.566990378833,28.28,18.14421749931,151.66123613016,94.98,14.97,37.253582089552,161.17,56.47,77.48,13.98,75.0,68.17,43.69,42.46,48.918497996931,36.88,108.93,44.87,62.64,85.72,76.19,52.051746393318,46.05,195.72,235.88715699704,72.94,82.53,25.79,18.192310960068,61.2,101.14,12.31
2017-10-20,99.51,189.04,27.17,54.543372604185,73.213614360629,244.73,54.09,50.430147899823,136.95,92.09,476.62,154.0,44.59891107078,52.87431104259,135.13,64.87,52.902647646738,161.14810994478,89.67,110.78,47.167056074766,66.12,84.44,99.12,133.32,151.16059670353,83.85,48.91,60.02,92.97,165.2,66.21692377633,145.28774362768,96.86,32.890992182802,28.6,18.382826386972,153.32259568632,95.27,15.22,38.149340141398,162.82,56.49,79.07,14.19,75.55,67.75,43.2,42.51,48.938472883822,37.34,109.99,45.07,62.92,86.63,76.46,52.061702733485,46.76,197.54,235.31048871018,72.92,83.12,26.01,18.717470263381,62.12,99.89,12.36
2017-10-23,99.34,189.39,27.16,54.533441181642,73.213614360629,242.13,54.13,50.360492999408,136.77,92.38,474.39,155.19,44.389292196007,52.267132395452,134.61,64.96,53.051557332364,161.69674170257,89.72,110.79,47.077686915888,65.69,84.28,96.17,134.45,151.55959524306,84.32,48.9,59.49,92.97,164.94,66.485491741173,145.6867213666,96.13,32.53261575466,28.43,18.343058239028,153.38228525122,95.41,15.12,38.318538884525,164.02,54.06,78.54,14.11,75.62,68.27,42.75,42.21,48.638849580452,37.26,110.69,44.54,62.96,86.32,76.12,52.131397114655,46.39,195.85,234.49519906323,73.49,83.7,25.55,18.578748937978,61.73,99.49,12.18
2017-10-24,100.92,189.78,27.68,55.039943731317,73.920559365335,244.84,54.21,50.81822520213,137.83,93.86,473.72,154.4,45.107985480944,52.63542108306,134.07,65.13,53.746469198619,161.49723924519,89.52,112.17,47.246495327103,65.24,84.49,96.43,133.19,151.99849363655,84.56,49.03,60.18,93.64,165.75,67.03257463252,146.62431905306,96.48,32.502751052315,28.6,18.353000276014,153.17337177409,96.45,15.44,38.189151610369,163.28,54.88,79.56,14.21,77.21,68.57,43.62,42.32,48.449088154984,37.41,110.25,44.8,62.83,86.36,76.26,52.589388762339,46.35,195.59,232.93421766603,73.45,83.88,25.74,18.66792693288,62.54,99.68,12.1
2017-10-25,101.05,188.81,27.635,54.886006681906,73.323141051499,241.74,54.155,50.270936698876,137.46,93.55,469.035,154.19,44.568965517241,51.520601271921,133.85,65.12,53.528068326367,160.54461501123,90.775,111.24,47.430198598131,65.89,84.46,94.05,131.79,151.2703213019,84.08,48.615,59.78,93.305,165.83,64.804455220488,145.16805030601,95.15,32.2389461816,28.58,18.218782776704,156.26728088767,94.76,15.56,37.850754124116,163.24,54.83,78.89,13.88,76.45,67.69,43.42,41.49,48.189414625396,36.825,109.74,44.16,62.53,85.69,75.75,51.987030182232,45.99,189.13,231.77093853564,72.44,84.6,25.44,18.509388275276,62.06,99.795,11.79
2017-10-26,101.74,188.61,27.74,55.23857218217,73.472495629958,241.72,54.3,50.519704200355,137.85,95.69,473.48,154.75,45.267695099819,51.978473694353,136.6,64.85,53.815960385244,164.58952733451,92.52,111.89,48.279205607477,65.61,81.36,94.74,131.94,150.83142290841,83.63,49.15,60.61,93.96,167.6,66.33628731626,147.00334790504,95.07,32.721758869513,28.85,18.41265249793,161.95768607406,95.52,15.81,38.328491751767,162.82,55.56,79.71,13.91,76.99,68.2,43.64,40.85,48.309263946744,37.15,111.49,43.95,62.25,84.58,76.02,52.698908504176,46.93,190.99,233.60036896293,72.29,85.08,25.53,18.67783559898,63.19,100.43,11.95
2017-10-27,101.77,188.59,27.8,55.486857745736,73.552151405136,241.71,54.44,50.907781502662,138.17,95.79,475.13,152.75,44.828493647913,51.898843707844,137.55,64.55,53.895378884245,161.75659243978,92.78,112.02,48.398364485981,65.48,81.0,93.51,131.06,145.81401627373,83.94,48.9,60.62,93.73,167.82,66.425809971208,146.02585244468,93.98,32.791443174985,29.07,18.263521943141,159.78896521631,94.71,15.72,38.268774548311,161.62,55.2,79.79,13.94,77.33,68.1,43.29,40.8,47.889791322026,36.89,111.95,42.88,62.54,85.49,71.03,52.45,47.11,190.68,235.58888029694,72.34,84.96,25.76,18.747196261682,63.63,100.05,11.85
2017-10-30,101.41,187.85,27.6,55.466994900651,73.462538658061,240.89,54.26,50.46,137.16,95.07,472.29,152.89,44.768602540835,51.65,136.11,64.78,53.577704888243,155.86129482434,92.43,111.6,48.765771028037,65.26,80.62,93.29,132.62,143.09085124139,83.83,48.66,60.35,94.07,166.9,66.157242006365,142.61459277692,92.42,32.452976548406,29.01,18.124333425338,157.48096870714,94.65,15.6,37.90051846033,161.01,55.18,78.82,13.77,76.4,66.52,43.47,41.26,49.397895282323,36.04,111.86,42.54,62.74,85.01,70.41,52.4,46.8,185.5,237.74641509434,72.4,84.52,25.32,18.459844944775,62.46,100.85,11.83
2017-10-31,100.61,186.94,27.39,55.755006154387,73.183743444937,242.48,54.38,50.0,136.79,95.52,470.83,150.82,44.758620689655,51.45,137.17,64.61,53.190539705615,156.08074752746,92.18,110.46,48.894859813084,66.1,80.93,92.0,132.45,143.43,83.89,48.65,60.21,93.86,166.77,66.177135929686,142.04604949896,92.9,32.47288634997,28.9,18.14421749931,155.73007480364,93.52,15.48,38.01,161.08,55.05,78.57,13.8,75.78,65.85,43.59,40.47,49.447832499552,35.79,113.06,42.13,63.33,84.78,70.17,52.04,46.46,186.5,236.08600813044,72.65,84.13,25.3,18.66,62.18,100.65,12.46
2017-11-01,100.92,187.17,27.53,55.824526112186,73.711462955493,244.26,54.48,49.63,136.94,95.79,469.29,151.31,44.159709618875,51.65,136.14,64.66,53.478431764492,156.17052363327,91.9,110.58,49.202686915888,66.22,82.42,92.25,133.47,142.84,84.29,48.8,60.53,94.25,167.28,66.545173511138,143.12328939404,92.57,32.681939266386,28.96,18.174043610268,156.56572871213,93.41,15.56,38.37,160.91,55.25,78.45,13.81,75.56,67.13,43.54,40.34,49.477794829889,35.76,112.63,42.41,63.6,83.81,70.71,52.0,46.22,186.11,233.44128805621,72.41,84.76,25.33,18.53,62.05,101.17,12.1
2017-11-02,101.59,188.61,27.87,56.48,74.418407960199,246.88,54.88,50.42,138.4,95.98,474.92,149.26,44.978221415608,51.4,140.3,64.98,55.324911866255,155.11316060919,92.45,112.94,49.242406542056,68.67,83.66,92.51,134.69,138.96,84.41,49.31,60.64,97.85,169.03,66.575014396121,143.16318716793,94.63,33.070180396873,29.26,18.333116202043,159.72927565142,94.01,15.71,38.74,157.48,55.71,79.44,13.87,76.72,68.89,44.45,39.48,49.437845056106,36.16,115.57,43.03,63.88,86.02,72.56,52.91,46.85,185.34,226.13350890372,73.17,85.54,25.45,18.62,59.23,100.21,12.36
2017-11-03,101.41,187.27,27.82,56.35,74.05,244.4,54.65,50.02,138.64,96.43,479.11,148.27,44.738656987296,51.33,140.06,62.0,54.63,158.29522480432,91.6,111.84,49.192757009346,66.24,82.38,92.53,133.32,138.64,83.98,50.15,60.4,97.84,168.76,67.082309440824,145.91613356648,94.57,33.11,29.12,18.402710460944,159.59,94.39,15.81,38.82,159.59,55.84,79.75,13.78,75.64,68.32,44.02,40.04,49.547706934008,36.05,115.02,42.79,63.69,85.7,72.57,52.46,46.81,185.35,226.53121117052,72.4,85.42,25.75,18.49,57.82,100.14,12.22
2017-11-06,100.78,186.68,27.75,56.18,73.8,243.49,54.85,50.14,138.59,96.29,475.61,149.2,44.568965517241,51.35,138.16,62.49,54.33,158.24534918998,92.3,112.39,49.133177570093,66.2,82.63,92.29,133.44,140.18,84.57,50.21,60.15,99.09,168.71,66.664537051068,144.14068262829,94.95,32.77,29.24,18.472304719845,160.65,94.22,15.88,38.72,161.19,55.89,79.54,13.78,76.64,69.22,44.1,39.69,49.617619038128,35.87,114.44,42.59,64.14,85.32,73.27,53.07,46.45,186.06,227.14764968406,71.97,85.68,25.98,18.42,56.66,99.27,12.38
2017-11-07,98.75,186.3,27.18,55.05,72.71,239.81,53.45,49.39,134.09,95.37,473.37,149.8,44.069872958258,51.07,137.55,62.13,53.4,158.67427947333,90.12,111.94,47.891939252336,65.58,82.46,90.28,133.72,140.21,83.81,50.49,58.08,99.18,162.88,66.087613274739,143.40257381129,93.76,32.36,28.45,17.995086944521,159.23,92.41,15.47,37.67,161.6,55.34,77.16,13.4,75.4,69.11,43.62,39.91,49.42785761266,35.61,113.42,41.78,63.71,84.03,72.87,52.7,44.88,185.54,225.72586408024,72.02,85.18,25.88,18.05,56.95,99.05,12.09
2017-11-09,97.63,184.49,26.49,54.0,72.43,240.79,52.11,48.82,132.55,93.75,466.6,151.64,44.0,50.82,138.04,62.24,52.81,157.51716522056,88.11,111.95,46.75,66.2,82.93,90.77,134.53,143.46,84.08,50.64,56.8,98.95,158.61,65.122757993635,142.72431165512,92.72,32.09,28.01,17.746536019873,159.05,92.16,15.28,36.81,161.5,55.25,75.28,13.21,74.33,68.42,43.08,40.14,49.278045960975,35.5,114.13,41.33,63.65,83.61,73.1,52.53,43.97,185.11,229.46426538818,73.73,84.5,26.06,17.76,56.5,98.71,12.14
2017-11-10,97.51,183.68,26.51,53.81,72.25,240.15,51.61,48.76,132.48,93.52,465.83,151.35,44.27,50.93,137.88,62.06,52.2,156.54957830229,87.15,110.72,46.13,66.27,83.15,90.65,135.54,143.25,83.44,50.75,56.79,99.12,157.1,64.416523715715,141.82661174255,93.57,32.07,27.67,17.537753243169,157.22,92.51,15.17,36.68,161.57,55.52,74.93,13.14,73.49,68.06,42.92,39.71,49.447832499552,35.15,114.45,41.13,64.08,83.55,73.4,52.42,43.93,184.36,229.81225487164,73.57,84.26,25.66,17.71,56.58,98.15,12.21
2017-11-13,97.86,184.4,26.4,53.72,71.99,240.27,51.68,48.63,132.23,93.9,465.11,151.34,44.6,51.02,140.15,62.0,52.16,157.63686669498,86.95,110.44,46.49,67.08,83.0,90.79,133.32,141.89,84.4,51.1,57.33,99.44,159.44,64.655250795575,141.78671396866,93.41,32.59,28.19,17.816130278774,157.32,92.46,15.44,37.2,161.49,55.69,76.94,13.36,73.9,68.03,43.6,39.4,49.827355350487,34.52,115.74,40.81,63.94,83.37,73.3,52.82,45.43,182.86,227.23713269409,75.41,84.69,25.65,18.21,55.99,98.7,12.08
2017-11-14,97.27,183.34,26.24,54.04,71.53,237.24,51.83,48.38,132.0,93.76,470.45,150.69,44.59,51.85,140.2,61.46,52.0,158.90370729931,86.0,109.56,46.84,67.3,83.6,91.31,133.86,143.54,84.27,51.28,57.64,99.94,160.71,63.869440824367,142.77418387249,94.48,32.56,28.61,18.14421749931,157.11,92.64,15.69,38.07,162.03,56.22,78.71,13.61,73.44,68.33,43.87,39.0,49.877292567716,34.47,116.6,40.83,65.1,83.03,74.06,52.81,46.49,183.15,224.83103397994,75.97,85.18,25.32,18.28,55.38,98.85,12.35
2017-11-15,98.19,181.81,26.79,53.75,71.73,237.61,52.01,48.1,132.9,93.26,470.5,151.16,44.54,51.94,139.67,61.14,51.84,158.42490140161,87.63,110.22,46.82,66.53,83.14,91.86,133.71,142.83,84.44,51.65,57.78,100.38,161.22,64.923818760418,141.59719954267,94.35,32.53,28.46,18.034855092465,157.39,93.28,15.8,38.14,162.65,56.67,78.88,13.51,73.95,68.57,43.76,39.23,49.627606481574,34.48,115.51,40.45,65.33,82.79,74.11,52.89,46.5,184.77,227.95299677434,75.93,85.37,25.27,18.2,54.97,98.86,12.61
2017-11-16,98.47,182.05,26.76,54.6,71.67,239.37,51.81,48.6,132.49,93.56,474.02,148.86,44.64,52.23,140.09,60.06,51.54,159.70171712882,87.15,110.37,46.77,66.08,82.91,92.4,130.81,141.28,84.31,51.57,57.72,99.57,159.87,64.47620548568,143.72175600242,95.53,33.38,28.47,18.024913055479,157.08,93.71,15.7,37.92,159.93,56.01,78.42,13.4,74.01,68.39,44.02,38.67,49.138221752736,34.57,116.02,40.55,65.83,83.3,73.59,53.25,46.11,185.49,224.17482523972,75.97,85.01,25.05,18.11,55.42,97.5,12.76
2017-11-17,98.14,181.06,26.62,54.15,71.33,238.02,51.88,48.7,132.85,93.69,473.99,148.63,44.68,52.47,139.49,60.06,51.65,160.19049814938,87.83,110.25,46.82,66.59,82.35,92.31,129.92,141.18,83.85,51.55,57.77,100.17,160.57,64.71493256554,146.41485574013,95.98,33.86,28.45,18.203869721226,158.28,94.07,15.8,38.17,160.07,56.14,79.13,13.54,74.28,68.64,44.18,38.63,49.158196639627,34.98,116.48,40.48,65.97,83.78,73.46,53.46,46.3,186.09,225.01994255667,75.95,85.44,25.13,18.17,55.67,98.62,12.49
2017-11-20,99.01,181.63,26.74,54.05,72.05,238.13,51.93,49.11,133.29,93.95,474.77,149.0,45.12,52.52,141.9,59.69,51.97,161.78651780839,88.27,110.02,46.98,68.08,82.93,93.06,129.77,142.05,84.68,51.82,58.17,100.32,161.61,65.470901651765,148.31,96.3,33.86,28.57,18.353000276014,160.65,94.43,15.86,38.25,159.89,55.85,79.8,13.57,74.18,68.82,44.45,38.72,49.288033404421,35.46,119.23,40.76,66.01,84.72,73.43,53.88,47.1,186.68,222.5541885025,76.89,85.08,25.62,18.33,55.46,98.58,12.82
2017-11-21,98.93,183.18,26.73,54.52,72.38,238.02,51.89,49.38,133.11,94.41,481.36,149.18,46.08,52.42,142.58,59.63,51.71,163.29276136157,87.95,110.06,46.57,68.28,83.45,93.06,130.63,141.44,85.08,51.87,57.73,99.7,160.19,65.64,149.46,97.73,33.77,28.48,18.174043610268,159.76,94.46,15.66,37.9,159.8,56.09,79.4,13.55,73.5,68.55,44.9,38.3,49.317995734758,35.63,119.63,41.58,66.96,85.15,73.46,53.87,46.89,190.33,220.97332199196,77.24,85.27,25.67,18.19,56.91,98.4,12.59
2017-11-22,98.64,182.56,26.66,54.06,72.26,236.43,51.91,49.09,133.04,93.82,478.94,148.25,45.8,52.43,141.87,59.23,51.71,162.81395546387,87.26,109.7,46.49,67.66,82.65,92.67,130.01,139.24,85.05,51.68,57.62,99.3,159.92,65.5,149.4,97.72,33.67,28.42,18.054739166437,159.58,94.39,15.56,37.83,158.79,55.78,79.34,13.54,73.59,68.4,44.74,38.25,49.298020847866,35.23,119.35,41.4,66.62,84.97,72.66,53.9,46.35,189.99,217.98061243427,77.17,85.17,25.36,18.2,57.45,98.41,12.45
2017-11-24,98.32,182.36,26.59,54.09,72.02,235.95,51.83,49.06,132.56,93.48,479.74,148.93,45.78,52.23,141.86,59.03,51.83,163.73166676779,87.38,108.92,46.34,67.83,82.34,92.46,129.83,138.63,85.0,51.85,57.21,99.08,159.14,65.4,150.23,97.88,33.49,28.2,18.034855092465,159.56,94.26,15.57,37.75,159.52,55.64,78.67,13.46,73.14,68.65,44.87,38.08,49.288033404421,35.09,120.13,41.21,65.39,84.95,72.51,54.09,46.35,190.37,216.41963103707,77.25,85.16,25.68,18.12,57.29,97.86,12.34
2017-11-27,97.93,183.49,26.59,53.95,71.39,235.11,51.72,49.0,132.56,93.47,481.96,149.26,45.77,52.18,142.07,58.76,51.37,164.4,86.87,109.51,46.49,68.1,82.5,91.36,130.48,138.12,85.44,52.07,57.34,99.41,159.5,65.34,149.87,97.97,33.21,28.4,18.01,159.25,94.11,15.52,37.63,158.5,55.8,78.64,13.5,73.26,68.68,45.13,38.85,49.597644151237,35.2,120.5,41.18,65.71,85.29,73.41,53.94,46.42,192.68,221.7886116389,77.23,85.74,25.67,18.17,57.61,97.97,11.98
2017-11-28,101.36,187.54,27.64,55.57,73.7,239.41,53.02,50.4,135.68,95.28,493.06,151.57,47.14,53.13,145.12,59.82,52.65,165.83,89.75,112.83,47.53,69.35,83.62,93.14,133.01,139.94,86.27,52.78,59.44,100.89,164.34,67.63,150.88,99.75,34.49,29.24,18.48,161.75,96.29,16.0,38.78,159.4,56.69,80.83,13.97,74.83,70.05,46.31,39.03,50.11,36.0,122.72,42.17,66.63,87.04,74.25,55.23,48.09,196.63,225.01,78.34,87.53,26.51,18.71,58.01,99.96,12.46
2017-11-29,103.73,189.85,28.28,56.68,75.04,241.36,54.76,51.32,139.73,96.6,500.82,152.64,48.42,54.41,147.83,60.3,53.55,164.73,90.97,115.87,49.12,69.8,83.6,94.68,134.53,140.47,87.19,52.45,61.3,101.96,169.11,69.01,149.84,101.27,35.35,30.46,19.01,163.56,98.24,16.57,40.67,159.07,57.65,83.49,14.48,76.55,71.54,47.78,39.54,50.33,36.1,120.93,43.13,66.42,88.4,74.87,56.42,49.49,198.63,222.74,78.56,89.09,26.63,19.26,59.44,101.71,12.83
2017-11-30,104.52,193.01,28.17,56.47,75.5,247.64,55.15,51.61,140.56,97.71,501.19,152.11,48.79,54.74,149.54,59.96,53.68,165.48,92.0,115.84,49.42,71.45,83.93,95.35,135.57,140.22,87.64,53.18,61.63,102.66,168.95,70.6,151.82,102.92,35.89,30.51,18.98,163.23,97.78,16.59,40.7,160.8,57.44,83.31,14.4,76.55,70.79,48.14,38.82,50.28,36.17,123.43,43.35,65.83,88.3,74.73,56.62,49.55,198.67,219.6,79.16,88.85,26.31,19.02,58.79,100.87,12.61
2017-12-01,104.79,194.56,28.1,56.2,75.51,248.95,54.9,51.95,141.0,97.86,502.08,151.64,49.5,54.45,150.79,59.88,53.61,166.17,92.72,115.4,49.6,72.07,85.06,95.48,136.21,142.24,87.6,53.6,61.97,103.1,169.47,71.12,151.3,102.79,35.94,30.69,19.13,162.47,97.66,16.65,40.69,161.95,57.43,83.78,14.45,76.51,70.52,48.9,38.45,50.49,36.21,124.25,43.48,66.57,88.24,74.52,56.48,50.08,197.85,218.06,79.26,88.53,26.43,18.91,58.44,99.77,13.01
2017-12-04,106.95,196.96,29.06,57.39,77.1,250.65,55.63,52.68,143.84,98.59,513.5,150.82,51.55,54.97,153.41,59.26,53.62,167.46,94.89,116.76,50.24,71.83,85.97,97.1,136.36,139.67,88.14,54.36,64.36,103.62,172.25,73.44,151.75,102.82,37.45,31.36,19.63,165.55,98.95,16.95,41.85,158.48,56.5,85.11,14.7,77.5,70.85,50.54,37.94,50.65,36.88,123.11,44.62,66.58,90.11,75.37,57.02,51.74,197.36,213.56,78.93,89.4,26.39,19.25,58.49,99.8,13.27
2017-12-05,105.72,196.07,28.93,58.55,76.54,248.33,54.82,52.01,142.43,98.71,512.12,150.18,50.78,54.43,152.11,59.53,53.04,167.89,93.91,115.51,49.81,70.95,85.01,96.83,135.32,139.24,87.84,54.25,64.03,102.84,170.43,73.18,152.08,101.64,37.31,30.78,19.33,164.36,96.95,16.87,40.89,157.32,54.64,83.94,14.46,75.91,70.68,49.92,37.32,50.11,36.63,123.77,44.15,65.82,88.32,74.38,56.52,50.88,197.01,212.15,78.51,89.0,25.99,18.95,58.25,98.2,13.13
2017-12-06,104.93,196.01,28.64,58.57,75.44,245.95,54.59,51.69,143.01,98.21,511.82,150.87,50.54,54.02,152.75,60.03,53.0,168.62,93.87,115.38,49.38,70.74,84.4,96.52,135.36,139.11,87.61,54.59,64.44,102.65,169.51,72.94,152.27,101.79,37.39,30.58,19.38,164.77,96.5,16.78,40.63,157.1,54.92,83.23,14.52,76.5,70.82,49.4,37.45,49.96,37.09,123.41,44.29,65.83,87.72,74.46,56.34,49.92,197.99,211.06,78.32,89.03,25.94,18.82,58.17,98.02,12.91
2017-12-07,104.62,196.34,28.78,59.36,74.98,248.56,54.9,52.35,143.42,98.58,512.41,149.44,51.08,54.22,152.07,59.55,53.62,169.53,95.07,116.33,49.58,70.39,83.73,96.92,134.21,138.46,87.94,54.52,64.76,102.11,171.07,73.45,151.73,102.74,37.34,30.4,19.74,167.6,97.32,16.97,41.43,155.42,54.77,84.43,14.71,77.59,70.99,49.84,36.73,49.99,37.34,124.19,44.5,65.27,88.46,74.16,56.79,50.47,198.21,210.36,77.79,89.17,26.0,18.89,58.63,98.58,12.73
2017-12-08,105.93,196.44,29.05,59.31,75.71,250.35,55.36,52.89,143.8,98.55,515.49,150.05,51.39,54.67,152.82,59.51,53.76,171.21,95.79,117.15,49.81,70.93,84.13,97.67,133.75,138.49,88.16,54.99,65.2,102.5,171.72,73.8,152.39,102.75,37.5,30.37,19.89,169.86,97.73,17.08,41.74,155.46,55.17,85.4,14.85,78.54,71.76,50.38,36.87,49.84,37.67,125.27,44.67,65.69,89.49,74.4,57.49,50.93,200.43,212.28,78.78,89.95,26.1,18.84,60.2,99.13,12.76
2017-12-11,105.62,196.7,28.94,58.87,75.85,250.13,55.27,52.77,143.29,99.0,512.13,150.24,50.72,54.54,152.71,59.79,53.64,171.7,95.97,116.26,49.75,70.81,83.93,97.41,133.16,138.3,88.48,54.88,64.62,102.37,170.51,74.35,152.39,101.85,37.59,30.3,19.73,167.78,97.56,16.98,41.42,155.28,55.42,84.67,14.62,77.17,71.53,49.64,36.82,50.05,37.39,126.35,44.1,65.48,89.04,74.56,56.65,49.94,198.0,217.47,79.22,89.63,26.06,18.66,59.97,99.88,12.76
2017-12-12,106.85,199.07,29.32,60.33,76.15,257.68,55.5,53.85,145.85,99.37,517.73,150.5,51.56,54.97,153.03,59.93,53.67,172.57,96.21,116.39,50.28,71.2,84.65,98.18,134.35,138.5,88.76,55.15,65.54,103.54,172.49,75.09,152.57,102.64,37.36,30.45,20.0,168.6,98.55,17.31,41.92,155.2,56.03,85.87,14.82,77.57,70.78,49.84,37.03,50.32,37.17,127.62,44.15,64.79,89.53,74.52,56.4,50.46,196.75,219.82,79.27,89.77,26.11,18.74,59.98,100.3,12.96
2017-12-13,105.51,197.4,28.84,59.4,75.14,255.56,54.6,53.18,143.83,97.78,512.55,148.44,50.33,54.38,151.61,58.97,52.84,169.01,94.72,113.95,49.42,70.48,83.4,99.18,133.56,136.56,88.49,55.86,64.57,103.32,171.02,73.82,150.17,101.9,36.64,29.94,19.7,166.42,97.48,17.08,41.34,152.93,55.55,84.81,14.58,75.85,70.25,48.7,36.1,49.9,36.96,126.28,43.69,64.21,87.86,73.68,54.94,49.76,195.72,216.92,78.21,89.31,25.51,18.67,59.37,98.82,12.94
2017-12-14,104.66,196.66,28.73,59.22,73.92,255.48,54.15,52.64,142.97,97.15,506.75,146.12,50.2,54.02,150.42,58.11,52.49,167.59,94.06,114.47,48.97,70.32,83.02,97.97,132.58,136.58,88.42,55.14,64.05,102.65,169.04,73.67,149.5,101.59,36.99,29.675,19.52,165.45,96.59,16.91,40.87,153.48,55.21,83.75,14.44,75.7,69.89,48.43,35.11,49.45,36.29,126.06,43.07,63.69,86.64,72.65,54.26,49.22,194.19,217.7,77.47,88.86,25.46,18.5,58.73,97.79,12.62
2017-12-15,106.14,197.78,29.04,59.87,74.77,257.17,54.5,53.1,144.95,98.52,511.87,148.72,51.28,54.2,151.07,59.39,51.41,169.05,96.31,115.73,49.53,70.49,83.11,98.53,134.89,138.39,89.26,55.46,65.0,103.97,170.9,74.59,150.57,102.57,37.19,30.03,19.76,167.93,97.85,17.12,41.7,156.0,55.75,85.29,14.58,76.19,70.37,49.88,36.25,49.75,36.56,126.37,43.46,63.98,88.24,74.28,54.03,50.01,198.64,222.11,77.51,89.61,25.67,18.81,58.45,98.31,13.2
2017-12-18,106.96,199.34,29.48,60.92,75.67,260.02,54.78,53.24,146.15,99.68,518.86,147.86,51.74,54.42,151.28,59.58,50.93,170.91,99.31,116.12,50.01,71.21,82.5,98.21,135.21,137.19,88.29,55.2,66.03,104.16,173.86,75.96,150.47,103.44,38.51,30.47,20.16,170.02,98.59,17.33,42.03,154.56,55.64,86.26,14.68,76.44,70.61,49.78,35.51,49.98,36.81,125.79,43.65,63.85,88.95,74.58,53.95,50.98,201.37,219.22,76.97,89.87,25.86,19.0,58.68,98.72,13.27
2017-12-19,106.51,197.91,29.45,60.36,74.7,256.48,54.56,52.93,145.1,99.15,515.82,147.62,51.81,54.2,150.16,59.78,50.79,172.0,98.74,116.86,50.03,71.07,82.52,97.87,135.54,136.87,87.98,55.79,65.63,104.38,173.9,75.95,150.15,103.14,38.18,30.62,20.12,171.33,98.02,17.3,42.08,154.15,56.73,86.54,14.61,76.81,70.86,49.57,35.32,49.64,36.61,124.65,43.68,64.4,88.67,73.55,54.21,50.89,202.2,218.88,76.11,90.14,25.71,19.04,58.34,98.69,13.13
2017-12-20,106.14,197.79,29.48,60.14,74.66,255.18,54.26,52.51,144.92,98.51,514.55,145.97,51.81,53.95,149.44,60.0,51.01,170.01,98.59,117.11,49.84,70.02,82.12,97.08,135.26,136.39,87.36,56.17,65.45,104.42,172.53,75.74,148.47,103.76,37.96,30.51,20.09,171.1,98.44,17.25,41.93,153.12,56.35,86.56,14.64,77.41,71.25,49.54,35.19,49.51,36.52,124.23,43.69,64.21,88.3,73.45,54.8,50.73,202.59,216.51,75.05,90.42,26.42,18.87,58.14,99.71,13.09
2017-12-21,107.83,198.89,29.82,61.61,75.82,261.01,54.53,52.88,146.26,98.5,513.59,145.01,52.28,54.36,150.88,60.08,51.03,168.78,99.52,116.74,50.39,70.11,80.71,98.31,134.44,135.34,87.11,55.8,65.55,104.21,173.59,76.04,147.48,104.6,38.6,30.93,20.43,171.7,100.05,17.49,42.6,152.37,55.93,87.66,14.84,77.94,71.24,49.96,35.06,49.79,36.61,124.63,43.84,62.98,90.35,73.66,54.83,51.46,201.88,218.44,75.4,90.51,26.46,19.02,60.39,101.12,13.12
2017-12-22,107.45,197.92,29.88,61.55,75.49,258.97,54.46,52.72,146.12,98.74,512.12,145.2,52.08,54.0,148.98,59.31,50.76,167.83,100.5,116.16,50.45,70.25,80.69,97.93,134.39,133.35,87.21,56.09,65.76,104.11,173.07,77.13,146.99,105.24,38.77,30.84,20.44,171.51,98.98,17.47,42.63,151.74,55.55,87.74,14.78,77.75,71.26,49.71,35.17,49.66,36.64,124.47,43.91,62.6,90.64,73.99,54.79,51.33,204.2,218.95,76.09,90.69,26.21,18.915,59.54,101.03,13.35
2017-12-26,107.02,197.57,29.78,61.13,74.78,257.72,54.01,52.47,144.9,98.57,513.72,145.31,51.87,53.81,148.94,59.43,50.67,167.42,99.92,115.65,50.04,70.04,80.74,97.44,134.78,133.3,87.64,56.22,65.29,104.34,171.99,77.26,145.87,105.36,38.71,30.68,20.33,171.1,98.7,17.35,42.52,151.87,55.97,87.33,14.63,77.49,71.33,49.5,35.24,49.92,36.6,124.04,43.57,62.91,89.91,74.27,54.75,50.86,204.06,219.73,76.13,90.63,26.53,18.87,59.69,101.17,13.46
2017-12-27,107.22,198.69,29.73,60.95,74.89,255.95,54.07,52.57,144.98,99.13,514.32,146.17,51.85,53.84,145.95,59.54,50.75,169.4,99.75,115.33,49.98,70.27,81.69,97.71,134.77,133.92,87.71,56.36,65.21,104.6,171.57,76.96,146.63,105.02,38.6,30.66,20.24,170.94,98.68,17.3,42.36,151.64,56.28,87.12,14.59,77.2,71.07,49.49,35.2,50.0,36.54,124.76,43.43,63.22,89.65,74.55,54.75,50.71,204.67,219.98,76.34,90.69,26.43,18.78,59.07,101.29,13.21
2017-12-28,107.79,199.56,29.8,61.3,75.08,256.5,53.95,52.65,145.67,99.7,517.98,146.16,52.04,54.12,146.31,60.0,50.87,169.85,100.3,115.2,50.12,70.52,81.97,98.23,135.66,134.52,88.23,56.51,65.44,104.91,172.29,77.5,147.82,105.34,38.97,30.64,20.35,171.61,100.32,17.38,42.44,151.39,56.56,87.29,14.74,77.35,71.39,49.68,35.37,50.14,36.77,124.85,43.53,63.63,89.83,75.08,55.14,51.34,206.51,222.57,76.67,91.16,26.65,18.92,59.16,101.68,13.37
2017-12-29,106.94,198.22,29.52,60.67,74.41,254.76,53.58,52.47,144.29,99.31,513.71,146.13,51.37,53.86,146.05,59.58,50.56,169.4,99.58,114.98,49.72,70.56,81.39,97.61,135.64,134.0,87.78,56.32,64.59,104.71,170.99,76.92,147.61,104.93,38.61,30.34,20.17,169.47,99.89,17.28,41.98,150.69,56.28,86.81,14.56,76.87,70.56,49.57,35.16,50.03,36.54,124.59,43.33,63.28,89.3,74.97,54.89,50.83,205.25,221.26,76.83,90.71,26.49,18.7,58.64,100.84,13.32
2018-01-02,107.95,197.22,29.9,61.09,74.36,255.67,54.03,52.19,144.62,98.94,508.97,142.3,51.44,53.82,144.79,59.5,50.18,168.12,99.61,115.45,49.92,69.85,80.4,96.72,131.98,131.49,87.97,55.36,64.86,101.92,171.19,76.91,146.13,103.08,38.86,30.43,20.17,169.91,99.46,17.37,42.68,146.99,55.27,86.57,14.6,77.91,70.38,49.82,34.02,49.89,36.35,122.75,43.25,62.17,88.86,73.08,54.86,50.7,203.04,216.47,76.74,90.21,26.78,18.8,57.67,99.23,13.63
2018-01-03,108.06,199.79,29.8,61.56,74.59,253.29,54.56,52.33,144.59,99.55,514.34,143.42,51.52,54.15,147.11,60.16,50.5,170.82,99.44,115.49,50.46,70.91,81.45,97.43,132.4,133.59,88.23,55.33,65.68,101.98,173.11,77.48,148.86,104.49,39.12,30.52,20.24,169.07,100.05,17.4,43.17,149.74,54.83,86.54,14.72,77.55,70.53,50.62,34.43,50.47,36.53,123.56,43.45,62.64,89.8,72.79,55.26,50.64,202.12,219.77,77.66,90.47,26.69,18.72,58.51,99.51,13.78
2018-01-04,109.04,200.69,30.19,62.33,75.51,256.83,54.98,53.13,144.6,100.85,521.13,144.0,51.81,54.69,148.68,60.4,51.36,173.38,101.42,116.51,51.07,72.25,82.3,98.48,132.4,135.42,89.14,55.32,65.86,100.8,173.44,78.25,151.6,105.31,39.4,30.63,20.32,169.69,101.55,17.54,43.68,151.26,55.4,87.51,14.85,78.93,71.45,51.3,35.24,50.72,36.83,124.04,43.3,63.22,90.54,73.62,55.75,50.85,198.54,221.77,78.69,90.7,26.84,18.84,59.49,100.05,13.94
2018-01-05,108.34,201.42,30.33,62.75,75.41,255.52,55.32,53.11,144.78,101.08,525.57,144.26,52.01,54.83,149.65,60.65,51.84,175.7,101.43,117.68,51.23,72.85,82.87,98.57,132.16,136.57,89.73,55.53,65.91,101.87,172.82,78.16,154.12,107.23,39.74,30.71,20.33,170.27,102.0,17.49,43.88,152.23,55.16,88.47,14.98,79.09,72.0,51.47,34.65,50.62,37.28,127.6,43.57,63.51,90.95,74.0,55.99,50.87,199.47,222.35,79.21,91.06,26.88,18.94,60.63,101.31,14.01
2018-01-08,108.5,202.74,30.12,62.04,74.53,251.81,55.4,52.89,145.05,100.15,529.49,143.53,52.24,55.06,151.73,60.25,51.98,177.18,100.8,117.61,51.5,73.12,81.99,99.65,131.45,136.58,89.96,55.7,66.35,101.39,172.42,77.57,155.07,109.88,39.26,30.7,20.28,172.0,102.5,17.47,44.06,151.41,54.78,88.72,14.95,78.94,72.21,51.77,34.46,50.58,36.84,129.53,43.92,63.55,91.69,73.67,56.47,50.62,200.53,218.75,79.96,91.33,27.25,18.97,60.49,99.7,13.69
2018-01-09,109.05,203.02,30.27,62.26,75.31,253.94,55.78,53.3,147.82,100.52,533.94,145.85,53.34,55.56,152.63,60.63,52.36,177.24,101.69,119.0,52.09,74.05,81.99,101.4,132.47,136.92,90.0,56.17,66.95,100.94,174.91,78.24,156.12,111.75,39.44,31.25,20.74,174.08,104.24,17.78,44.19,151.83,54.97,90.37,15.23,81.68,72.97,52.47,34.21,51.13,37.2,130.79,43.66,63.63,93.15,73.21,56.96,51.81,200.27,216.95,80.17,92.07,27.6,19.07,61.71,99.11,13.53
2018-01-10,110.25,205.61,30.55,63.12,75.65,254.33,56.2,53.93,149.62,101.22,531.57,145.29,53.56,57.3,152.9,61.0,53.03,175.61,103.14,121.51,52.71,74.46,81.16,104.25,132.11,136.66,90.74,55.68,67.7,100.43,176.75,79.47,154.81,112.27,39.66,31.58,21.01,175.83,105.75,18.08,44.9,153.62,55.04,91.31,15.48,82.79,73.38,52.69,34.23,51.21,36.82,132.33,43.27,63.57,94.4,72.19,57.52,52.35,198.38,219.97,81.23,92.76,27.84,19.25,64.0,96.49,13.68
2018-01-11,110.84,206.69,30.66,63.01,75.56,255.13,56.68,54.2,151.49,100.73,537.92,144.5,54.17,57.83,152.81,61.15,53.49,176.4,104.42,123.72,53.16,74.38,81.02,105.78,132.34,135.27,91.69,55.66,67.86,100.78,177.99,80.36,155.72,113.06,39.76,31.86,21.19,178.98,105.95,18.2,45.3,154.76,55.09,92.52,15.63,83.9,73.88,52.96,35.27,51.51,37.3,132.19,43.94,63.4,95.17,72.77,58.22,53.11,200.72,222.81,80.46,92.86,27.98,19.48,65.25,95.79,13.98
2018-01-12,112.67,210.16,31.19,62.55,76.84,257.03,56.98,55.12,151.84,100.97,555.53,145.64,55.39,58.42,152.73,60.97,53.33,177.64,105.43,124.12,53.14,74.78,81.74,107.24,134.73,136.55,84.94,55.94,68.89,102.11,178.52,80.51,157.25,115.35,39.37,32.35,21.42,182.04,107.26,18.28,45.52,155.46,55.29,93.04,15.85,84.37,74.21,53.94,35.49,52.78,37.86,131.51,44.53,63.88,96.79,74.03,58.59,53.28,202.8,224.2,81.43,92.25,27.93,19.48,65.36,95.39,13.88
2018-01-16,112.27,210.29,31.24,62.5,77.11,258.46,57.17,54.6,152.26,100.34,563.0,145.67,55.53,57.54,152.2,61.06,51.85,175.83,104.42,122.09,53.08,74.58,81.26,105.97,135.52,134.54,86.39,56.27,68.3,102.13,177.78,78.94,155.53,114.47,37.93,32.28,21.32,177.31,106.61,18.16,45.25,152.58,55.24,93.79,15.68,82.51,72.9,53.67,35.24,52.19,37.2,130.79,43.79,63.42,95.6,74.2,55.54,52.88,203.01,222.75,80.42,91.42,27.55,19.39,63.22,93.89,13.75
2018-01-17,112.99,214.16,31.18,63.88,77.47,253.65,56.34,55.35,154.23,100.76,576.51,147.54,56.09,57.89,151.45,61.42,52.55,176.79,104.39,123.44,53.28,74.8,81.53,106.4,136.86,136.5,87.82,57.23,68.35,103.94,179.21,78.93,157.41,116.38,38.06,32.49,21.26,178.47,106.89,18.36,45.84,154.55,56.23,94.76,15.76,82.98,73.45,54.0,35.33,52.35,38.08,131.52,44.9,64.05,96.25,75.06,56.35,53.32,207.68,226.0,80.46,92.03,27.82,19.45,64.36,94.81,13.71
2018-01-18,113.26,213.19,31.48,63.95,77.39,250.97,56.15,55.84,153.71,99.86,579.22,147.69,55.33,55.35,152.21,61.53,52.95,178.64,103.41,123.31,54.14,75.27,81.56,105.05,137.34,135.08,86.44,57.29,67.94,104.0,186.15,78.22,157.58,115.79,37.3,32.17,20.82,177.57,105.38,18.15,45.76,153.56,56.09,93.81,15.51,83.06,73.48,53.65,35.13,52.52,37.86,132.91,44.63,64.03,95.4,74.86,56.14,52.86,205.32,223.24,79.83,91.66,27.63,19.43,63.49,94.27,13.35
2018-01-19,113.01,213.25,31.72,64.22,78.3,256.12,56.46,57.46,155.25,98.03,590.26,148.2,55.48,56.61,154.28,61.55,53.4,181.14,104.38,124.13,54.8,75.6,82.08,107.61,137.85,135.18,86.82,57.66,68.58,103.7,188.78,78.32,159.18,117.35,38.47,32.5,21.16,178.81,106.49,18.67,46.82,153.89,55.96,94.99,15.81,83.17,74.05,54.28,35.45,52.51,38.13,133.88,44.89,64.29,96.19,75.16,55.99,53.73,212.0,224.6,80.07,92.15,28.01,20.08,64.19,94.08,13.6
2018-01-22,114.33,215.97,31.94,64.73,78.59,261.52,57.26,57.36,155.72,98.32,593.26,149.79,55.44,57.72,155.45,61.0,53.85,182.15,105.49,124.33,54.88,75.83,82.71,108.99,139.35,135.98,87.69,58.22,69.88,104.43,188.76,78.87,160.47,117.4,39.52,32.77,21.39,177.94,107.43,19.16,47.81,154.6,56.05,95.21,16.03,83.35,73.97,54.98,35.99,52.8,37.87,134.56,45.35,64.75,96.56,75.93,56.1,54.16,213.97,230.5,80.63,92.78,27.91,20.02,64.41,94.03,13.52
2018-01-23,114.21,215.56,31.92,64.49,78.55,260.09,57.18,56.91,155.77,97.98,589.68,153.29,55.32,57.72,154.25,62.34,53.61,182.93,105.71,124.2,54.87,75.79,82.96,112.18,146.26,137.42,88.08,57.05,70.32,101.25,188.83,78.72,160.84,118.08,39.78,32.92,21.61,178.31,106.89,19.36,47.87,157.87,56.67,95.25,16.04,82.9,73.56,54.96,36.78,52.9,37.61,134.81,45.51,64.56,96.57,77.01,56.2,54.17,212.92,231.64,80.21,92.77,27.64,20.06,64.95,94.77,13.44
2018-01-24,115.67,215.61,32.09,65.48,79.45,265.68,57.75,57.24,157.74,99.3,587.67,154.98,55.39,57.77,154.99,64.32,54.1,183.11,105.26,124.83,55.0,75.42,83.42,112.71,147.62,138.83,88.43,55.33,71.2,99.87,189.46,78.74,162.19,117.71,39.74,33.33,21.73,180.31,106.17,19.43,47.38,159.02,58.15,95.53,16.11,83.34,74.0,55.19,36.86,53.04,37.61,135.57,45.52,65.12,96.9,77.23,55.96,53.74,211.45,231.96,81.17,93.07,27.54,19.94,64.65,95.58,14.51
2018-01-25,115.7,215.1,32.09,65.65,79.44,269.03,57.98,56.81,157.8,99.69,575.5,154.81,54.18,56.85,154.17,64.8,54.0,181.89,104.26,124.4,54.69,74.94,83.57,110.33,148.47,139.55,89.42,55.76,70.6,100.73,187.66,80.3,162.79,117.35,39.58,32.84,21.67,173.13,105.01,19.14,46.67,160.17,58.49,94.7,16.05,83.4,74.26,54.21,36.88,53.15,37.59,137.16,45.16,65.65,95.85,77.22,55.03,53.02,211.0,230.93,81.18,92.71,27.43,19.91,64.89,95.03,14.66
2018-01-26,116.32,217.19,32.2,65.93,80.08,268.14,58.11,57.6,158.66,99.63,586.8,155.8,54.27,57.78,155.16,64.68,54.77,183.8,104.9,126.02,55.45,75.57,85.72,110.91,149.42,143.47,90.99,54.83,71.38,100.53,189.37,80.98,167.23,119.99,40.21,33.35,21.83,179.84,106.18,19.38,46.95,163.94,59.11,95.81,16.21,84.81,75.04,53.49,36.67,53.46,38.4,137.02,45.86,70.49,98.26,77.51,55.74,54.02,215.76,229.25,81.36,93.32,27.63,19.92,65.73,95.49,14.54
2018-01-29,116.2,215.46,32.28,65.82,79.96,272.48,57.99,57.45,159.21,99.41,574.42,154.12,54.05,57.52,153.45,64.26,54.4,181.04,104.6,125.37,55.39,74.51,84.71,111.69,148.96,142.34,89.55,53.13,70.74,98.04,189.79,81.31,161.75,117.55,40.16,33.17,21.8,177.45,106.94,19.26,46.75,161.71,58.42,95.15,16.23,85.71,74.5,52.62,36.61,53.11,37.48,135.11,45.12,69.77,96.99,76.59,55.26,54.19,209.21,228.82,81.645,92.34,27.18,19.76,67.46,94.35,14.39
2018-01-30,115.11,214.41,31.88,65.28,78.62,268.94,57.4,56.6,157.9,98.71,562.29,153.06,53.2,56.7,153.33,63.35,49.73,180.34,103.47,121.39,55.03,73.55,83.74,110.14,148.72,141.75,88.57,53.49,70.51,98.45,190.57,79.72,161.63,112.51,39.63,33.02,21.43,172.01,105.69,19.15,46.17,160.34,58.25,94.76,16.1,83.98,68.5,52.35,36.62,51.99,36.68,133.29,42.72,69.33,95.71,76.39,53.67,53.93,203.22,227.45,81.85,91.33,27.09,19.66,65.06,92.11,14.23
2018-01-31,115.67,214.38,32.0,65.78,78.48,267.89,57.14,56.55,158.02,99.4,561.8,156.15,53.34,56.7,153.48,63.92,48.07,181.1,103.96,118.82,55.19,73.84,83.52,110.17,149.92,142.17,88.2,54.1,70.7,98.77,190.78,79.8,161.79,111.74,39.68,33.1,21.4,168.7,105.39,19.23,45.9,160.47,58.76,95.22,16.18,82.8,67.6,52.7,36.84,51.65,36.13,134.39,42.41,68.32,96.39,76.9,53.19,54.03,199.63,229.8,80.91,90.85,27.07,19.67,64.26,91.48,14.245
2018-02-01,116.87,217.25,32.5,65.51,79.2,272.23,57.46,57.45,159.15,100.0,565.19,155.48,54.91,57.5,158.91,64.17,48.39,182.0,104.72,120.52,55.7,74.8,85.05,110.33,150.0,144.48,89.69,53.58,71.41,98.72,192.85,80.62,163.57,112.19,39.66,33.66,21.93,171.08,106.78,19.54,46.81,163.92,58.77,97.03,16.34,85.91,68.46,54.1,36.79,51.59,36.03,136.56,42.07,69.19,97.36,77.17,53.28,54.98,201.76,230.14,81.37,90.74,27.03,19.81,64.09,93.06,14.53
2018-02-02,114.28,209.12,31.95,64.07,77.02,260.04,56.9,55.48,157.97,96.68,548.32,153.25,53.34,56.33,159.11,63.04,47.56,177.33,101.57,117.33,55.11,73.98,84.69,107.47,147.95,143.59,88.95,53.24,69.48,97.94,189.2,78.97,158.61,109.82,38.68,33.13,21.76,167.5,104.63,19.25,46.02,161.65,58.01,94.96,16.08,83.04,66.35,52.57,38.25,50.82,35.16,134.65,40.88,68.57,94.33,76.38,52.71,54.16,197.11,229.61,80.34,88.21,26.29,19.63,62.15,91.95,14.21
2018-02-05,108.8,196.8,30.26,58.16,73.27,249.11,54.62,52.55,150.32,92.01,524.97,147.35,51.29,54.38,154.86,60.63,45.89,166.36,97.0,110.79,52.89,71.5,82.52,102.47,141.52,140.34,86.21,51.95,66.3,95.02,179.81,74.88,151.31,105.9,36.88,31.89,20.61,160.39,100.33,18.46,43.68,158.48,55.58,90.72,15.5,78.09,63.9,50.72,37.68,48.19,33.17,131.12,38.95,66.27,89.79,73.75,50.43,51.92,188.5,225.43,77.7301,83.96,24.77,19.08,59.16,88.18,13.65
2018-02-06,112.11,201.24,31.2,57.28,74.82,258.7,54.62,54.33,154.29,94.18,535.22,145.88,52.86,55.49,157.65,60.26,46.2,179.96,98.44,110.99,53.71,72.27,82.24,104.5,140.85,139.92,85.62,52.87,68.43,96.6,185.06,76.14,157.94,106.97,37.67,32.02,21.01,160.56,101.36,18.67,44.6,158.4,55.13,92.77,15.53,78.57,64.54,52.28,37.34,47.81,33.61,116.94,39.72,65.4,91.42,72.6,50.64,52.52,190.7,242.32,77.72,83.42,24.73,19.12,58.78,88.49,13.76
2018-02-07,112.87,200.37,31.25,57.54,74.99,257.1,54.8,54.55,155.0,93.61,532.26,147.52,52.03,55.34,159.93,60.47,46.26,182.69,98.12,111.17,53.82,70.72,82.16,103.52,142.14,140.55,85.6,53.4,69.01,96.87,184.97,76.63,157.98,106.52,37.5,32.34,21.13,160.11,100.73,18.96,44.84,157.38,55.86,93.58,15.64,78.51,63.92,51.55,42.0,47.86,33.46,114.565,39.44,66.11,91.05,72.63,50.58,54.02,187.87,246.7,77.27,83.28,25.01,19.2,59.0,88.49,14.04
2018-02-08,107.88,191.42,29.74,55.4,71.87,246.35,52.65,51.79,149.38,88.34,509.38,140.39,48.9,53.29,153.01,58.28,44.28,173.31,91.8,103.38,51.07,67.0,79.31,98.54,135.01,136.05,83.25,51.07,65.8,90.06,178.35,72.4,152.14,101.94,34.98,31.1,20.08,152.5,96.19,17.9,42.19,152.47,53.34,89.18,15.11,73.86,60.38,48.48,41.26,46.05,31.92,111.14,38.0,64.4,86.06,70.29,47.87,50.71,179.11,241.06,75.21,80.52,23.86,18.565,55.42,85.16,13.39
2018-02-09,110.04,196.02,30.33,56.13,73.68,249.3,53.75,52.14,151.71,91.72,521.51,144.52,50.12,54.08,156.8,60.22,44.61,177.5,92.02,106.04,52.42,68.45,80.43,100.01,137.08,137.91,84.77,52.22,67.48,90.89,182.62,74.11,154.64,103.37,35.03,31.98,20.39,153.88,97.34,18.27,43.05,152.13,53.98,91.61,15.405,75.38,61.34,49.44,41.86,46.73,32.44,107.19,38.22,64.94,87.08,72.09,49.21,51.62,180.24,239.77,76.1,82.64,24.25,18.9,56.97,88.01,13.47
2018-02-12,111.74,198.89,31.12,56.5,74.76,253.16,53.97,53.43,152.28,94.7,525.38,144.61,50.94,54.61,160.13,59.61,44.62,180.36,95.19,107.86,53.0,68.6,81.04,101.78,138.14,139.96,85.13,52.38,67.59,90.73,184.75,75.95,159.28,104.93,36.24,32.25,20.59,155.91,99.36,18.47,43.96,154.15,53.5,93.3,15.48,75.47,61.84,50.2,41.6,47.5,32.52,110.68,38.83,66.21,89.01,74.31,50.48,52.06,181.19,239.48,77.56,83.53,24.84,19.07,58.23,87.52,13.56
2018-02-13,112.43,197.99,31.18,58.0,75.18,255.53,54.14,53.39,153.29,94.56,521.27,145.12,51.15,54.81,160.16,59.43,45.2,181.94,95.31,106.89,53.33,69.12,81.28,101.27,138.58,139.23,86.07,53.22,67.92,92.13,186.15,76.5,161.6,105.73,36.01,32.39,20.55,156.62,99.35,18.85,44.39,155.31,53.97,93.84,15.52,74.34,61.72,50.05,41.9,48.09,32.51,112.22,38.84,66.98,88.73,73.97,50.82,51.96,181.93,238.18,78.5,84.04,24.6,19.13,53.56,88.32,13.6
2018-02-15,115.51,203.9,32.21,60.02,77.08,267.68,55.1,55.4,159.86,96.56,540.65,147.07,52.33,56.16,165.11,59.23,46.73,188.92,98.67,109.73,54.83,72.55,82.44,103.96,140.88,140.89,88.42,56.78,70.63,94.52,191.1,78.57,166.99,109.56,36.84,33.2,20.95,159.0,103.87,19.48,46.02,159.62,54.46,97.67,15.86,77.18,62.87,51.73,43.12,49.89,33.19,117.45,39.06,69.05,91.31,76.19,52.15,54.75,190.29,242.39,80.38,86.12,24.93,19.74,56.08,90.07,13.81
2018-02-16,114.68,203.79,31.97,59.95,76.82,267.62,55.61,55.14,159.08,96.79,541.1,147.0,52.17,56.25,162.38,59.47,46.64,189.28,99.53,109.43,54.96,71.73,82.76,104.55,141.16,140.86,89.65,57.35,71.15,95.04,191.64,79.53,168.21,110.49,36.73,33.13,21.02,159.81,104.86,19.45,45.93,159.23,54.14,97.82,15.83,77.58,63.05,51.81,43.8,50.08,33.92,111.45,39.1,68.97,92.56,77.19,52.45,55.07,191.79,243.26,79.02,86.65,24.97,19.84,56.82,89.92,13.99
2018-02-20,114.71,203.05,31.93,59.95,76.46,264.89,54.91,55.06,159.13,97.19,542.6,145.44,52.34,56.42,163.35,60.04,46.89,187.9,98.46,108.48,54.6,72.86,83.51,103.79,139.07,140.72,88.92,56.54,71.52,93.65,190.64,79.63,168.13,109.91,36.56,33.21,20.95,158.76,104.75,19.4,46.09,159.65,53.82,97.2,15.9,78.03,62.7,52.01,43.0,49.89,33.21,110.78,38.86,69.31,92.23,75.69,52.34,54.97,187.3,243.26,78.8,86.38,25.1,19.615,57.66,88.58,13.64
2018-02-21,115.19,201.02,31.87,59.73,77.0,263.4,55.1,55.1,161.28,97.5,543.56,143.72,52.3,56.45,161.78,60.18,46.95,187.58,97.39,108.63,55.09,72.86,82.76,103.96,138.54,139.37,88.88,57.17,71.45,93.41,192.82,78.59,166.99,109.95,36.57,33.44,21.05,159.38,105.38,19.62,46.3,157.57,53.95,98.41,16.05,78.32,63.3,51.76,43.3,49.75,33.22,111.3,39.07,68.91,91.22,75.54,51.98,55.86,189.03,239.94,79.12,86.17,24.98,19.76,57.44,88.26,13.43
2018-02-22,114.98,200.73,31.69,58.81,76.27,261.43,54.27,54.86,157.6,97.35,539.53,143.07,52.03,55.9,160.53,59.96,46.63,187.85,96.67,107.79,54.32,71.55,81.9,102.72,137.64,139.12,88.53,56.85,70.34,92.8,189.5,77.75,167.17,110.42,36.33,32.87,20.53,158.01,104.12,19.31,45.45,156.53,53.22,96.67,15.73,77.03,62.37,50.74,43.1,49.6,32.94,109.96,38.72,68.13,90.08,74.92,51.26,54.72,186.83,239.4,78.2,85.64,24.48,19.42,55.17,87.84,13.07
2018-02-23,117.31,202.76,32.03,59.17,77.08,266.77,55.49,56.07,160.09,98.8,549.75,144.01,52.74,56.9,164.02,60.07,47.47,191.67,99.04,108.98,55.36,72.48,83.57,104.5,139.74,141.91,89.57,57.71,71.29,94.37,193.51,79.42,169.3,112.3,37.15,33.45,20.97,160.28,106.56,19.65,46.43,159.96,54.04,98.68,15.99,78.02,63.15,51.38,43.45,50.34,33.19,108.75,39.31,68.99,91.47,75.8,51.73,55.68,190.01,242.94,80.48,86.51,24.97,19.69,55.34,88.56,13.23
2018-02-26,118.77,210.62,32.42,59.97,77.65,271.26,55.84,57.01,161.83,101.64,563.97,146.14,53.73,58.18,166.9,59.01,47.55,193.3,100.75,110.12,55.79,73.54,84.69,106.82,142.58,143.3,90.76,58.85,72.0,95.75,195.32,80.43,170.2,114.15,37.39,33.76,21.18,162.32,108.84,19.8,44.54,161.21,54.5,99.67,16.03,78.42,63.98,51.96,43.12,50.73,33.84,111.33,39.84,69.76,92.6,77.26,52.41,56.29,194.86,241.63,81.66,87.6,25.02,19.72,55.99,88.44,13.25
2018-02-27,117.36,209.66,32.33,59.21,76.38,267.93,55.01,56.72,160.23,99.58,552.77,144.19,53.8,57.99,166.69,58.23,47.22,193.14,99.25,108.69,54.95,73.43,84.31,107.17,141.54,142.46,89.99,58.53,70.57,94.01,192.19,79.56,168.37,112.39,36.81,33.26,21.16,159.77,107.59,19.62,43.75,161.01,53.81,98.61,15.82,78.22,63.58,53.11,42.69,50.18,33.02,110.19,39.16,69.98,93.7,75.88,51.94,55.74,190.25,243.18,81.69,86.99,24.56,19.46,55.61,87.35,13.07
2018-02-28,115.5,207.2,32.1,58.41,75.49,262.93,54.36,56.02,157.66,97.51,549.43,141.92,53.02,57.03,166.16,57.34,46.19,191.8,97.93,106.32,54.35,73.08,83.02,106.15,139.0,140.32,88.88,57.58,69.84,92.26,189.84,78.83,166.88,111.9,36.39,33.05,21.13,156.44,105.87,19.41,43.49,157.9,52.85,97.22,15.7,76.17,62.33,52.23,42.31,49.33,32.54,112.01,38.67,69.11,92.71,74.59,50.96,54.97,189.36,240.24,80.75,85.37,23.99,19.14,54.27,85.47,12.96
2018-03-01,113.43,201.53,31.48,57.31,73.66,256.78,53.17,54.49,155.99,95.14,532.783339014,139.81,52.05,55.51,161.588473454,56.47,45.73,189.52,96.51,103.93,53.89,72.06,81.82,104.58,138.25728257,137.45,87.66,57.79,69.09,91.600049962,188.85,75.21,166.52,110.08,35.85,32.79,21.0,153.66,103.267546908,19.172675063,43.53,154.99,51.91,96.93,15.61,73.88,60.6833944805,51.19,42.73,48.65,31.81,111.36,38.36,68.37,92.02,73.34,49.31,54.38,185.37,238.38,79.6,83.17,23.64,19.16,53.47,85.69,12.95
2018-03-02,113.32,201.34,31.63,57.41,73.68,258.12,53.41,54.74,157.43,95.6,534.772895529,139.86,52.63,55.37,165.57191912,56.51,45.5,189.02,96.72,105.6,54.29,72.54,82.62,104.28,137.172872712,138.49,87.51,57.58,69.62,91.61,190.98,75.84,166.94,110.33,35.93,32.91,21.34,150.91,104.303509567,19.3817229219,44.18,154.92,51.77,98.29,15.8,73.73,61.09,51.52,43.3,48.82,32.21,115.0,38.79,68.66,91.86,74.61,49.15,54.81,187.48,239.0,80.59,82.96,23.81,19.44,51.95,86.44,13.16
2018-03-05,115.06,203.24,32.13,57.59,74.42,263.12,53.97,55.49,158.71,96.66,542.412792545,141.56,53.61,56.41,167.792690079,57.62,46.39,190.37,97.9,106.22,54.92,72.68,83.33,105.85,138.864154142,141.38,88.25,58.79,70.67,92.89,193.75,77.07,167.5,111.85,36.23,33.36,21.45,155.62,105.947104169,19.6305894207,44.86,156.92,53.94,98.85,16.01,74.9,61.37,52.62,55.92,50.37,32.67,115.35,39.38,69.66,93.61,75.89,49.96,55.71,188.16,254.35,81.77,84.11,23.92,19.67,52.74,88.66,13.43
2018-03-06,115.16,204.55,32.11,57.07,74.06,266.93,54.17,56.56,159.34,96.07,548.66,141.93,54.73,56.87,168.888137637,58.03,47.07,190.99,98.04,107.54,55.25,73.34,83.54,105.46,140.66487143,142.17,88.78,58.62,71.07,93.43,195.34,76.81,166.06,113.36,36.2,33.66,21.7,155.57,106.305706627,19.8097732997,45.32,157.43,54.42,100.65,16.2,75.85,61.59,54.4,55.91,50.88,33.12,118.17,39.6,69.61,95.85,76.04,49.96,56.54,191.8,254.7,83.91,84.72,24.07,19.9,52.86,89.76,13.48
2018-03-07,114.73,204.3,32.18,56.6,73.92,265.35,53.66,56.88,159.64,95.64,547.43,140.64,55.43,56.9,167.882317607,57.31,47.05,189.7,97.63,107.31,55.02,73.24,83.8,105.35,138.167744141,142.49,88.77,58.42,71.47,93.39,195.19,76.63,166.76,113.09,36.3,33.68,21.97,155.74,107.202212774,19.7799093199,45.44,158.85,54.27,101.17,16.28,76.04,61.58,54.91,55.75,50.94,33.34,118.79,39.31,69.55,96.0,75.72,49.94,56.93,190.1,255.57,83.95,84.84,24.0,19.92,52.38,89.08,13.53
2018-03-08,114.74,205.29,32.2,56.72,74.11,266.34,53.94,56.96,159.49,96.59,553.39,141.91,55.91,55.69,168.44,56.27,46.84,192.5,98.15,107.49,55.02,74.3,84.44,106.18,139.67,144.23,89.99,59.02,71.32,94.33,194.69,77.1,168.37,114.17,36.84,33.67,21.81,156.41,107.77,19.76,45.22,159.57,54.36,100.34,16.16,76.4,61.37,55.17,55.8,51.26,33.9,119.89,39.52,70.05,96.26,75.26,49.63,56.1,191.54,257.31,84.86,85.62,23.98,19.77,51.85,88.36,13.57
2018-03-09,118.04,212.94,32.72,58.23,76.11,270.77,55.28,58.67,162.45,99.05,577.18,144.0,57.7,57.23,171.42,56.57,47.84,194.96,100.79,110.3,56.03,75.73,85.87,109.83,142.3,148.03,91.68,60.37,72.85,96.03,196.81,78.42,170.05,117.6,37.28,34.21,22.15,161.11,110.7,20.11,46.26,164.14,56.13,102.21,16.5,78.71,63.05,57.24,55.67,51.72,34.52,124.54,40.46,72.63,98.75,77.04,51.19,57.04,196.11,262.62,86.53,87.34,24.5,20.15,53.86,90.81,13.86
2018-03-12,117.66,211.82,32.84,58.02,76.02,273.38,55.01,58.91,162.26,97.67,571.79,143.09,57.76,56.44,169.18,56.61,47.02,195.96,100.46,109.89,55.6,75.67,84.91,108.83,141.49,146.31,90.83,59.97,72.58,94.85,194.91,78.15,169.86,117.09,36.98,34.26,21.8,159.88,109.51,19.92,46.15,162.96,55.2,100.82,16.48,78.41,63.05,57.88,55.56,51.51,34.52,123.82,39.83,71.71,98.24,75.24,50.69,56.58,194.73,261.39,85.89,87.02,24.5,20.11,53.78,89.0,13.46
